"route_id","total_schedule_duration","date","month","n","n_on_time","n_early","n_late","otp","log_x1","mae_ratio","sd_mae_ratio","1 - normalised mae ratio","log_I_hat","I_hat"
"T100",19.35,2025-07-21,"2025-07",238,234,4,0,0.9832,-0.0169,0.0012,0.0137685824084566,0.9988,-0.0412,0.9596
"T100",37.8666666666667,2025-08-07,"2025-08",261,257,0,4,0.9847,-0.0154,0.0219,0.0758360669217085,0.9781,-0.0443,0.9567
"T100",19.35,2025-09-12,"2025-09",211,207,0,4,0.981,-0.0191,0.0101,0.0642048617735629,0.9899,-0.0457,0.9553
"T100",19.35,2025-10-29,"2025-10",221,218,1,2,0.9864,-0.0137,0.0051,0.0351029065200283,0.9949,-0.0384,0.9623
"T100",18.5166666666667,2025-11-19,"2025-11",121,120,0,1,0.9917,-0.0083,0.0496,0.0240511274856987,0.9504,-0.0457,0.9553
"T101",54.5833333333333,2025-07-24,"2025-07",470,443,26,1,0.9426,-0.0592,0.0284,0.117356083167471,0.9716,-0.0967,0.9078
"T101",55.3833333333333,2025-08-05,"2025-08",482,450,25,7,0.9336,-0.0687,0.035,0.138552832466952,0.965,-0.1098,0.896
"T101",29.6166666666667,2025-09-04,"2025-09",483,449,16,18,0.9296,-0.073,0.0833,0.18862774685623,0.9167,-0.1376,0.8714
"T101",29.6166666666667,2025-10-30,"2025-10",474,448,12,14,0.9451,-0.0564,0.0912,0.130729957310716,0.9088,-0.1234,0.8839
"T101",29.6166666666667,2025-11-15,"2025-11",81,73,7,1,0.9012,-0.104,0.0494,0.0328974578551798,0.9506,-0.1563,0.8553
"T102",98.9,2025-07-23,"2025-07",632,601,23,8,0.9509,-0.0503,0.0826,0.175731405706456,0.9174,-0.1112,0.8948
"T102",115.333333333333,2025-08-20,"2025-08",975,931,33,11,0.9549,-0.0462,0.0759,0.519697574023733,0.9241,-0.1025,0.9026
"T102",73.2166666666667,2025-09-25,"2025-09",812,765,39,8,0.9421,-0.0596,0.0481,0.241088492232534,0.9519,-0.1045,0.9008
"T102",57.55,2025-10-06,"2025-10",364,350,12,2,0.9615,-0.0392,0.0526,0.0890550302643518,0.9474,-0.083,0.9204
"T102",58.8,2025-11-08,"2025-11",109,102,6,1,0.9358,-0.0664,0.0477,0.537827421762781,0.9523,-0.112,0.894
"T103",25.6833333333333,2025-07-14,"2025-07",589,558,27,4,0.9474,-0.0541,0.0368,0.0389673959704514,0.9632,-0.0937,0.9106
"T103",48.6166666666666,2025-08-15,"2025-08",739,693,34,12,0.9378,-0.0643,0.0345,0.106988342139909,0.9655,-0.1046,0.9007
"T103",45.8666666666667,2025-09-18,"2025-09",767,724,41,2,0.9439,-0.0577,0.0734,0.0608152154874305,0.9266,-0.114,0.8923
"T103",25.6833333333333,2025-10-06,"2025-10",457,427,24,6,0.9344,-0.0679,0.0379,0.0654343284405177,0.9621,-0.1101,0.8957
"T103",22.9333333333333,2025-11-15,"2025-11",54,50,4,0,0.9259,-0.077,0.0308,0.0553491168252334,0.9692,-0.1182,0.8885
"T104",9.11666666666667,2025-07-07,"2025-07",78,73,0,5,0.9359,-0.0662,0.0852,0.553079274107513,0.9148,-0.1308,0.8774
"T104",14.6333333333333,2025-08-15,"2025-08",101,97,0,4,0.9604,-0.0404,0.1437,0.593286181647047,0.8563,-0.1464,0.8638
"T104",9.11666666666667,2025-09-19,"2025-09",90,84,0,6,0.9333,-0.069,0.1408,0.668590978479087,0.8592,-0.1766,0.8381
"T104",9.11666666666667,2025-10-22,"2025-10",78,72,1,5,0.9231,-0.08,0.0799,0.957405142800862,0.9201,-0.1438,0.8661
"T104",17.8166666666667,2025-11-20,"2025-11",114,106,0,8,0.9298,-0.0728,0.1242,0.614123065924086,0.8758,-0.1669,0.8463
"T105",58.0833333333333,2025-07-12,"2025-07",111,107,4,0,0.964,-0.0367,0.0135,0.0256964950440689,0.9865,-0.0671,0.9351
"T105",59.7333333333333,2025-08-13,"2025-08",482,466,13,3,0.9668,-0.0338,0.0206,0.0295737711234387,0.9794,-0.0653,0.9368
"T105",95.2,2025-09-10,"2025-09",268,259,7,2,0.9664,-0.0342,0.0208,0.0534862924333036,0.9792,-0.0656,0.9365
"T105",58.15,2025-10-04,"2025-10",107,103,4,0,0.9626,-0.0381,0.014,0.511950903129767,0.986,-0.0685,0.9338
"T105",59.7333333333333,2025-11-15,"2025-11",91,88,2,1,0.967,-0.0335,0.0067,0.0151553708851571,0.9933,-0.0618,0.9401
"T106",20.3166666666667,2025-07-28,"2025-07",334,325,5,4,0.9731,-0.0273,0.0094,0.0762283815507463,0.9906,-0.055,0.9465
"T106",40.6333333333333,2025-08-19,"2025-08",385,376,6,3,0.9766,-0.0237,0.0071,0.0192280728263491,0.9929,-0.0502,0.951
"T106",40.05,2025-09-10,"2025-09",348,340,6,2,0.977,-0.0233,0.0025,0.014086554386817,0.9975,-0.0491,0.9521
"T106",40.6333333333333,2025-10-30,"2025-10",350,340,8,2,0.9714,-0.029,0.0285,0.0102202521420048,0.9715,-0.0621,0.9398
"T106",19.85,2025-11-15,"2025-11",39,38,1,0,0.9744,-0.026,0.0105,0.0258151764149179,0.9895,-0.054,0.9474
"T107",25.1333333333333,2025-07-24,"2025-07",264,259,1,4,0.9811,-0.0191,0.0489,0.0801880290317701,0.9511,-0.0578,0.9438
"T107",25.5833333333333,2025-08-05,"2025-08",276,271,0,5,0.9819,-0.0183,0.0213,0.0522102938568189,0.9787,-0.0473,0.9538
"T107",25.1333333333333,2025-09-19,"2025-09",271,267,1,3,0.9852,-0.0149,0.0301,0.0392602538992285,0.9699,-0.0457,0.9553
"T107",25.1333333333333,2025-10-17,"2025-10",263,258,1,4,0.981,-0.0192,0.0247,0.0420461952911502,0.9753,-0.0494,0.9518
"T107",25.1333333333333,2025-11-06,"2025-11",198,194,1,3,0.9798,-0.0204,0.0367,0.0548007518196603,0.9633,-0.0545,0.947
"T108",65.6333333333333,2025-07-18,"2025-07",705,639,63,3,0.9064,-0.0983,0.0852,0.0192068727312376,0.9148,-0.1682,0.8452
"T108",47.9666666666667,2025-08-22,"2025-08",647,584,54,9,0.9026,-0.1024,0.0939,0.135801226232144,0.9061,-0.1781,0.8369
"T108",32.8166666666667,2025-09-13,"2025-09",68,62,6,0,0.9118,-0.0924,0.1011,0.0654910779131928,0.8989,-0.1719,0.8421
"T108",52.1833333333333,2025-10-28,"2025-10",285,257,26,2,0.9018,-0.1034,0.0895,0.0943845411071114,0.9105,-0.1769,0.8379
"T108",65.6333333333333,2025-11-11,"2025-11",613,550,61,2,0.8972,-0.1084,0.1002,0.0637325837647693,0.8998,-0.1895,0.8274
"T109",32.5333333333333,2025-07-21,"2025-07",462,410,45,7,0.8874,-0.1194,0.082,0.0408526997507273,0.918,-0.1905,0.8265
"T109",65.0666666666667,2025-08-29,"2025-08",573,502,57,14,0.8761,-0.1323,0.1177,0.0735215732860875,0.8823,-0.2303,0.7943
"T109",32.5333333333333,2025-09-27,"2025-09",53,47,6,0,0.8868,-0.1201,0.0968,0.0656615228250925,0.9032,-0.2006,0.8182
"T109",65.0666666666667,2025-10-23,"2025-10",546,485,54,7,0.8883,-0.1185,0.1072,0.0648260560150125,0.8928,-0.2063,0.8136
"T109",32.5333333333333,2025-11-15,"2025-11",64,56,8,0,0.875,-0.1335,0.1064,0.102597118543034,0.8936,-0.223,0.8001
"T110",22.2666666666667,2025-07-07,"2025-07",289,264,25,0,0.9135,-0.0905,0.0262,0.0599363867432835,0.9738,-0.1326,0.8758
"T110",22.2666666666667,2025-08-14,"2025-08",375,342,33,0,0.912,-0.0921,0.0293,0.0610132444638047,0.9707,-0.1349,0.8738
"T110",44.5333333333333,2025-09-04,"2025-09",379,346,33,0,0.9129,-0.0911,0.0213,0.0174025964246385,0.9787,-0.1317,0.8766
"T110",44.05,2025-10-23,"2025-10",339,308,31,0,0.9086,-0.0959,0.0312,0.0207815113835499,0.9688,-0.1401,0.8693
"T110",44.5333333333333,2025-11-14,"2025-11",364,333,31,0,0.9148,-0.089,0.0231,0.0136109061662575,0.9769,-0.1298,0.8783
"T111",33.8333333333333,2025-07-23,"2025-07",331,303,26,2,0.9154,-0.0884,0.0512,0.0832210167885951,0.9488,-0.1388,0.8704
"T111",18.6,2025-08-19,"2025-08",321,296,23,2,0.9221,-0.0811,0.0483,0.063918224799649,0.9517,-0.1294,0.8786
"T111",18.6,2025-09-15,"2025-09",213,193,20,0,0.9061,-0.0986,0.0777,0.101990233885265,0.9223,-0.1639,0.8488
"T111",18.5,2025-10-11,"2025-10",46,42,4,0,0.913,-0.091,0.0975,0.124821999930568,0.9025,-0.1676,0.8457
"T111",18.6,2025-11-24,"2025-11",250,232,14,4,0.928,-0.0747,0.0414,0.0562122474792342,0.9586,-0.1188,0.888
"T112",18.8666666666667,2025-07-29,"2025-07",214,214,0,0,1,0,0,0.00241326462573961,1,-0.0218,0.9784
"T112",9.43333333333333,2025-08-30,"2025-08",36,36,0,0,1,0,0,0.00663569388484229,1,-0.0218,0.9784
"T112",9.43333333333333,2025-09-30,"2025-09",173,173,0,0,1,0,0,0.0131122018347996,1,-0.0218,0.9784
"T112",17.95,2025-10-29,"2025-10",166,166,0,0,1,0,0,0.0173498516952207,1,-0.0218,0.9784
"T112",9.43333333333333,2025-11-29,"2025-11",35,35,0,0,1,0,0,0.0166906530729028,1,-0.0218,0.9784
"T113",18.5333333333333,2025-07-25,"2025-07",133,131,2,0,0.985,-0.0152,0.0044,0.00875991420426575,0.9956,-0.0403,0.9605
"T113",10.4333333333333,2025-08-19,"2025-08",209,205,4,0,0.9809,-0.0193,0.0032,0.0020186972188861,0.9968,-0.0446,0.9564
"T113",19.7,2025-09-24,"2025-09",221,218,2,1,0.9864,-0.0137,0.0055,0.00235745810050829,0.9945,-0.0387,0.962
"T113",10.4333333333333,2025-10-31,"2025-10",150,148,2,0,0.9867,-0.0134,0.001,0.00312563839633048,0.999,-0.0377,0.963
"T113",19.2,2025-11-11,"2025-11",204,200,4,0,0.9804,-0.0198,0.0013,0.00361884880406279,0.9987,-0.0446,0.9564
"T114",45.7833333333333,2025-07-26,"2025-07",45,40,4,1,0.8889,-0.1178,0.1095,0.156925433737958,0.8905,-0.2069,0.8131
"T114",77.25,2025-08-27,"2025-08",468,420,44,4,0.8974,-0.1082,0.1039,0.346813190615085,0.8961,-0.1922,0.8251
"T114",58.1,2025-09-26,"2025-09",437,391,38,8,0.8947,-0.1112,0.1034,0.391541911036132,0.8966,-0.1951,0.8228
"T114",52.8666666666667,2025-10-18,"2025-10",47,42,5,0,0.8936,-0.1125,0.0974,0.424405021883578,0.9026,-0.1927,0.8247
"T114",73.9666666666667,2025-11-11,"2025-11",350,311,34,5,0.8886,-0.1181,0.0947,0.179397602362276,0.9053,-0.1969,0.8213
"T115",26.8333333333333,2025-07-12,"2025-07",61,56,5,0,0.918,-0.0855,0.0127,0.00871406826660118,0.9873,-0.1234,0.8839
"T115",53.6666666666667,2025-08-29,"2025-08",641,587,54,0,0.9158,-0.088,0.0232,0.0826387196453054,0.9768,-0.1287,0.8792
"T115",51.7333333333333,2025-09-24,"2025-09",628,575,52,1,0.9156,-0.0882,0.0241,0.525451852739241,0.9759,-0.129,0.879
"T115",58.4,2025-10-28,"2025-10",489,450,39,0,0.9202,-0.0831,0.0199,0.121361456877316,0.9801,-0.122,0.8851
"T115",31.5666666666667,2025-11-10,"2025-11",512,468,44,0,0.9141,-0.0899,0.0284,0.0818171249393019,0.9716,-0.1319,0.8764
"T117",23.1833333333333,2025-07-16,"2025-07",312,311,1,0,0.9968,-0.0032,2e-04,0.0070841482688575,0.9998,-0.0255,0.9748
"T117",24.95,2025-08-28,"2025-08",279,278,1,0,0.9964,-0.0036,2e-04,0.0101608396079488,0.9998,-0.0257,0.9746
"T117",13.8166666666667,2025-09-23,"2025-09",269,268,1,0,0.9963,-0.0037,2e-04,0.00462914326752849,0.9998,-0.0258,0.9745
"T117",13.8166666666667,2025-10-09,"2025-10",319,318,1,0,0.9969,-0.0031,3e-04,0.00926711389808067,0.9997,-0.0251,0.9752
"T117",25.7833333333333,2025-11-20,"2025-11",343,341,2,0,0.9942,-0.0058,5e-04,0.021349338006911,0.9995,-0.0285,0.9719
"T118",26.5,2025-07-31,"2025-07",304,303,1,0,0.9967,-0.0033,0.0013,0.0106657590158701,0.9987,-0.0258,0.9745
"T118",26.5,2025-08-27,"2025-08",273,272,0,1,0.9963,-0.0037,0.0089,0.00462601340248815,0.9911,-0.0274,0.973
"T118",23.0666666666667,2025-09-26,"2025-09",235,234,1,0,0.9957,-0.0043,1e-04,0.0119312407539557,0.9999,-0.0267,0.9737
"T118",13.25,2025-10-13,"2025-10",216,215,1,0,0.9954,-0.0046,0.002,0.00661326057135324,0.998,-0.0274,0.973
"T118",26.5,2025-11-25,"2025-11",306,304,0,2,0.9935,-0.0066,0.0025,0.0384160391850418,0.9975,-0.0298,0.9706
"T119",25.8,2025-07-15,"2025-07",335,306,26,3,0.9134,-0.0905,0.134,0.667774833803258,0.866,-0.1953,0.8226
"T119",51.6,2025-08-07,"2025-08",372,335,32,5,0.9005,-0.1048,0.0811,0.2924025732024,0.9189,-0.1732,0.841
"T119",45.2166666666667,2025-09-19,"2025-09",311,278,26,7,0.8939,-0.1122,0.2003,0.528320518640594,0.7997,-0.2909,0.7476
"T119",25.8,2025-10-18,"2025-10",68,59,9,0,0.8676,-0.142,0.0581,0.515210123526911,0.9419,-0.2038,0.8156
"T119",25.8,2025-11-14,"2025-11",383,344,32,7,0.8982,-0.1074,0.1615,0.374329849330774,0.8385,-0.2413,0.7856
"T121",32.0666666666667,2025-07-02,"2025-07",172,167,4,1,0.9709,-0.0295,0.0086,0.0161376163524376,0.9914,-0.0574,0.9442
"T121",31.5,2025-08-06,"2025-08",157,153,3,1,0.9745,-0.0258,0.0078,0.114076382744195,0.9922,-0.0528,0.9486
"T121",31.35,2025-09-04,"2025-09",191,188,2,1,0.9843,-0.0158,0.0181,0.50160447217267,0.9819,-0.0436,0.9573
"T121",32.0666666666667,2025-10-10,"2025-10",183,179,3,1,0.9781,-0.0221,0.0043,0.0927629508271155,0.9957,-0.0477,0.9534
"T121",16.0333333333333,2025-11-03,"2025-11",170,164,6,0,0.9647,-0.0359,0.0059,0.583719991320039,0.9941,-0.0644,0.9376
"T152",69.5833333333333,2025-07-01,"2025-07",559,490,58,11,0.8766,-0.1317,0.051,0.194995393107974,0.949,-0.1891,0.8277
"T152",69.5833333333333,2025-08-25,"2025-08",600,522,73,5,0.87,-0.1393,0.0502,0.040379480127716,0.9498,-0.1973,0.8209
"T152",64.65,2025-09-29,"2025-09",457,397,57,3,0.8687,-0.1407,0.0425,0.19548533786154,0.9575,-0.1958,0.8222
"T152",124.616666666667,2025-10-29,"2025-10",684,589,88,7,0.8611,-0.1495,0.0385,0.579558011711047,0.9615,-0.2043,0.8152
"T152",97.75,2025-11-14,"2025-11",553,484,62,7,0.8752,-0.1333,0.0501,0.0531931612145772,0.9499,-0.1903,0.8267
"T154",65.4,2025-07-28,"2025-07",390,351,28,11,0.9,-0.1054,0.0944,0.099563923545604,0.9056,-0.1821,0.8335
"T154",128.083333333333,2025-08-07,"2025-08",402,354,40,8,0.8806,-0.1272,0.1032,0.305585783398679,0.8968,-0.2133,0.8079
"T154",77.7666666666667,2025-09-24,"2025-09",428,379,34,15,0.8855,-0.1216,0.0487,0.0608806244611749,0.9513,-0.1766,0.8381
"T154",65.4,2025-10-15,"2025-10",392,349,31,12,0.8903,-0.1162,0.0571,0.179973137482749,0.9429,-0.1735,0.8407
"T154",64.8666666666667,2025-11-24,"2025-11",432,388,34,10,0.8981,-0.1074,0.0924,0.228340296633482,0.9076,-0.1833,0.8325
"T180",34.1,2025-07-28,"2025-07",486,470,11,5,0.9671,-0.0335,0.0234,0.0332255230901695,0.9766,-0.0654,0.9367
"T180",57.95,2025-08-21,"2025-08",506,491,12,3,0.9704,-0.0301,0.0149,0.201678978729907,0.9851,-0.0596,0.9421
"T180",34.1,2025-09-30,"2025-09",391,382,6,3,0.977,-0.0233,0.0299,0.012482776539894,0.9701,-0.0557,0.9458
"T180",34.1,2025-10-28,"2025-10",430,417,10,3,0.9698,-0.0307,0.0274,0.0629506605329798,0.9726,-0.0633,0.9387
"T180",33.4833333333333,2025-11-24,"2025-11",396,381,9,6,0.9621,-0.0386,0.0336,0.0728929253540195,0.9664,-0.0748,0.9279
"T305",70.65,2025-07-09,"2025-07",738,680,48,10,0.9214,-0.0819,0.1112,1.20904731631021,0.8888,-0.1667,0.8465
"T305",134.783333333333,2025-08-19,"2025-08",782,708,66,8,0.9054,-0.0994,0.1085,1.21177480703052,0.8915,-0.1852,0.8309
"T305",68.1833333333333,2025-09-03,"2025-09",845,766,70,9,0.9065,-0.0982,0.1073,1.03045375351943,0.8927,-0.1831,0.8327
"T305",106.483333333333,2025-10-16,"2025-10",710,648,51,11,0.9127,-0.0914,0.1286,3.17274359023131,0.8714,-0.192,0.8253
"T305",61.3166666666667,2025-11-12,"2025-11",106,94,11,1,0.8868,-0.1201,0.0739,1.48464246967634,0.9261,-0.1865,0.8299
"T352",80.65,2025-07-28,"2025-07",805,653,146,6,0.8112,-0.2093,0.0841,0.105827112005042,0.9159,-0.2958,0.7439
"T352",80.65,2025-08-21,"2025-08",861,686,164,11,0.7967,-0.2272,0.0828,0.343724463980179,0.9172,-0.3158,0.7292
"T352",64.4833333333333,2025-09-13,"2025-09",45,36,9,0,0.8,-0.2231,0.054,0.169031004788205,0.946,-0.2958,0.7439
"T352",96.4333333333333,2025-10-24,"2025-10",897,731,164,2,0.8149,-0.2046,0.0827,0.149156310782192,0.9173,-0.2896,0.7486
"T352",80.65,2025-11-10,"2025-11",604,492,102,10,0.8146,-0.2051,0.0813,0.0841753827830124,0.9187,-0.2889,0.7491
"T400",99.8833333333334,2025-07-24,"2025-07",561,526,34,1,0.9376,-0.0644,0.043,0.116505085664768,0.957,-0.1079,0.8977
"T400",53.9833333333333,2025-08-18,"2025-08",660,620,39,1,0.9394,-0.0625,0.0541,0.481934668665306,0.9459,-0.1101,0.8957
"T400",51.6833333333333,2025-09-30,"2025-09",372,350,21,1,0.9409,-0.061,0.0396,0.033172106101187,0.9604,-0.1024,0.9027
"T400",99.3833333333334,2025-10-24,"2025-10",607,570,37,0,0.939,-0.0629,0.029,0.408038571197155,0.971,-0.1014,0.9036
"T400",72.75,2025-11-25,"2025-11",800,756,40,4,0.945,-0.0566,0.04,0.306494362536518,0.96,-0.0976,0.907
"T401",57.0333333333333,2025-07-22,"2025-07",722,672,44,6,0.9307,-0.0718,0.03,0.157261448990086,0.97,-0.1115,0.8945
"T401",64.2333333333333,2025-08-07,"2025-08",290,267,20,3,0.9207,-0.0826,0.0368,0.328632151828431,0.9632,-0.1264,0.8813
"T401",84.65,2025-09-25,"2025-09",422,390,30,2,0.9242,-0.0789,0.0295,0.221181486075595,0.9705,-0.1202,0.8867
"T401",84.95,2025-10-29,"2025-10",625,583,38,4,0.9328,-0.0696,0.0203,0.293197121824471,0.9797,-0.1067,0.8988
"T401",57.0333333333333,2025-11-07,"2025-11",235,219,15,1,0.9319,-0.0705,0.0408,0.193490581166113,0.9592,-0.1138,0.8924
"T402",73.2,2025-07-29,"2025-07",824,794,28,2,0.9636,-0.0371,0.0187,0.104878518383097,0.9813,-0.0686,0.9337
"T402",73.1333333333333,2025-08-21,"2025-08",729,702,26,1,0.963,-0.0377,0.0182,0.488316319360562,0.9818,-0.0689,0.9334
"T402",37.1166666666667,2025-09-22,"2025-09",624,601,20,3,0.9631,-0.0376,0.0225,0.0161552051108586,0.9775,-0.07,0.9324
"T402",62.3166666666667,2025-10-23,"2025-10",803,774,28,1,0.9639,-0.0368,0.0179,0.0581863631922331,0.9821,-0.0681,0.9342
"T402",73.1333333333333,2025-11-06,"2025-11",565,542,23,0,0.9593,-0.0416,0.0211,0.0510575973069006,0.9789,-0.0742,0.9285
"T407",46.3833333333333,2025-07-28,"2025-07",57,51,6,0,0.8947,-0.1112,0.1312,0.0229809703885628,0.8688,-0.2169,0.805
"T407",46.3833333333333,2025-08-14,"2025-08",138,119,16,3,0.8623,-0.1481,0.1883,0.0104651803615609,0.8117,-0.3179,0.7277
"T407",46.3833333333333,2025-11-12,"2025-11",115,104,11,0,0.9043,-0.1005,0.0808,NA,0.9192,-0.1679,0.8454
"T408",64.5333333333334,2025-07-29,"2025-07",722,631,90,1,0.874,-0.1347,0.0565,0.292025966969746,0.9435,-0.1951,0.8228
"T408",62.0666666666667,2025-08-14,"2025-08",652,572,77,3,0.8773,-0.1309,0.0577,0.359744339475433,0.9423,-0.1909,0.8262
"T408",33.5,2025-09-08,"2025-09",534,468,66,0,0.8764,-0.1319,0.0434,0.720389554929449,0.9566,-0.186,0.8303
"T408",64.5333333333334,2025-10-15,"2025-10",777,684,90,3,0.8803,-0.1275,0.0532,0.687999369509997,0.9468,-0.1849,0.8312
"T408",60.9,2025-11-12,"2025-11",539,474,60,5,0.8794,-0.1285,0.0598,0.619933292782377,0.9402,-0.1892,0.8276
"T409",35.1333333333333,2025-07-31,"2025-07",709,685,22,2,0.9661,-0.0344,0.0146,0.00996043454926824,0.9854,-0.0643,0.9377
"T409",17.85,2025-08-09,"2025-08",64,62,2,0,0.9688,-0.0317,0.0216,0.0142199664610661,0.9784,-0.0631,0.9388
"T409",17.85,2025-09-29,"2025-09",473,455,17,1,0.9619,-0.0388,0.0127,0.0219035033760567,0.9873,-0.0691,0.9332
"T409",35.1333333333333,2025-10-14,"2025-10",667,636,30,1,0.9535,-0.0476,0.0129,0.0234996523705876,0.9871,-0.0793,0.9238
"T409",35.25,2025-11-27,"2025-11",592,571,21,0,0.9645,-0.0361,0.0134,0.00503388517946129,0.9866,-0.0664,0.9358
"T410",73.5666666666667,2025-07-22,"2025-07",653,501,137,15,0.7672,-0.265,0.1358,0.0349901699667491,0.8642,-0.399,0.671
"T410",38.6333333333333,2025-08-04,"2025-08",389,298,79,12,0.7661,-0.2665,0.1296,0.0477218363177535,0.8704,-0.3949,0.6737
"T410",64.5666666666667,2025-09-11,"2025-09",457,347,97,13,0.7593,-0.2754,0.1267,0.027495701903905,0.8733,-0.4031,0.6682
"T410",69.8666666666667,2025-10-03,"2025-10",588,443,120,25,0.7534,-0.2832,0.1094,0.0475221983757227,0.8906,-0.3984,0.6714
"T410",68.8166666666667,2025-11-26,"2025-11",450,340,99,11,0.7556,-0.2803,0.1378,0.0374044930456222,0.8622,-0.4186,0.658
"T411",38.9666666666667,2025-07-29,"2025-07",414,412,0,2,0.9952,-0.0048,0.0178,0.00998776174202131,0.9822,-0.0311,0.9694
"T411",19.9666666666667,2025-08-04,"2025-08",327,326,1,0,0.9969,-0.0031,2e-04,0.00848825885924425,0.9998,-0.0254,0.9749
"T411",38.9666666666667,2025-09-19,"2025-09",352,349,2,1,0.9915,-0.0086,7e-04,0.0613900478173335,0.9993,-0.0315,0.969
"T411",38.9666666666667,2025-10-24,"2025-10",433,428,0,5,0.9885,-0.0116,0.0135,0.0190786953271081,0.9865,-0.0375,0.9632
"T411",19.9666666666667,2025-11-24,"2025-11",155,154,0,1,0.9935,-0.0065,0.0322,0.180360906055978,0.9678,-0.0372,0.9635
"T412",41.0333333333333,2025-07-31,"2025-07",740,722,11,7,0.9757,-0.0246,0.0131,0.0171844874723283,0.9869,-0.0527,0.9487
"T412",45.1,2025-08-20,"2025-08",673,655,14,4,0.9733,-0.0271,0.0073,0.0102606170154851,0.9927,-0.0545,0.947
"T412",41.0333333333333,2025-09-30,"2025-09",583,569,11,3,0.976,-0.0243,0.0066,0.0100905142713773,0.9934,-0.0509,0.9504
"T412",29.7166666666667,2025-10-28,"2025-10",392,382,5,5,0.9745,-0.0258,0.0161,0.0195305693327547,0.9839,-0.0546,0.9469
"T412",23.9666666666667,2025-11-24,"2025-11",344,337,3,4,0.9797,-0.0206,0.0083,0.0207528110545696,0.9917,-0.0471,0.954
"T413",45.3666666666667,2025-07-15,"2025-07",407,396,4,7,0.973,-0.0274,0.0095,0.102967894479043,0.9905,-0.0549,0.9466
"T413",23.1,2025-08-25,"2025-08",434,424,5,5,0.977,-0.0233,0.011,0.0967675679935412,0.989,-0.0509,0.9504
"T413",44.85,2025-09-23,"2025-09",364,353,5,6,0.9698,-0.0307,0.0182,0.0214267808689452,0.9818,-0.0608,0.941
"T413",42.8166666666667,2025-10-31,"2025-10",425,414,8,3,0.9741,-0.0262,0.006,0.0110743674936592,0.994,-0.053,0.9484
"T413",45.3666666666667,2025-11-25,"2025-11",239,233,5,1,0.9749,-0.0254,0.0088,0.0781009246637537,0.9912,-0.0525,0.9489
"T414",27.2333333333333,2025-07-14,"2025-07",377,348,24,5,0.9231,-0.08,0.1105,0.489646575693448,0.8895,-0.1642,0.8486
"T414",27.2333333333333,2025-08-04,"2025-08",454,420,23,11,0.9251,-0.0778,0.06,0.187573230007335,0.94,-0.1304,0.8777
"T414",50.0166666666667,2025-09-30,"2025-09",391,366,16,9,0.9361,-0.0661,0.0519,0.177668277244787,0.9481,-0.1132,0.893
"T414",27.2333333333333,2025-10-21,"2025-10",259,241,9,9,0.9305,-0.072,0.0658,0.329033534788454,0.9342,-0.1267,0.881
"T414",29.6666666666667,2025-11-06,"2025-11",448,420,21,7,0.9375,-0.0645,0.0642,0.458076275489865,0.9358,-0.1172,0.8894
"T415",42.8666666666667,2025-07-15,"2025-07",211,185,19,7,0.8768,-0.1315,0.1645,0.149176409174276,0.8355,-0.2723,0.7616
"T415",42.3666666666667,2025-08-19,"2025-08",259,230,19,10,0.888,-0.1187,0.1552,0.0433785684411093,0.8448,-0.2479,0.7804
"T415",39.45,2025-09-10,"2025-09",206,178,16,12,0.8641,-0.1461,0.1203,0.0371424900244638,0.8797,-0.248,0.7804
"T415",23.45,2025-10-30,"2025-10",237,208,18,11,0.8776,-0.1305,0.1615,0.0666822731604596,0.8385,-0.2677,0.7651
"T415",40.6,2025-11-13,"2025-11",228,202,16,10,0.886,-0.1211,0.1392,0.0450793515185537,0.8608,-0.2356,0.7901
"T416",16.5166666666667,2025-07-19,"2025-07",53,50,3,0,0.9434,-0.0583,0.0542,0.110477094479165,0.9458,-0.1056,0.8998
"T416",16.1166666666667,2025-08-16,"2025-08",50,46,4,0,0.92,-0.0834,0.0631,0.34258029715674,0.9369,-0.1387,0.8705
"T416",16.0833333333333,2025-09-13,"2025-09",17,16,1,0,0.9412,-0.0606,0.0767,0.216465638736551,0.9233,-0.1195,0.8874
"T416",31.15,2025-10-09,"2025-10",385,364,19,2,0.9455,-0.0561,0.0502,0.126823431043078,0.9498,-0.1013,0.9037
"T416",30.7166666666667,2025-11-13,"2025-11",337,318,18,1,0.9436,-0.058,0.0834,0.240384129883817,0.9166,-0.1205,0.8865
"T417",62.3333333333333,2025-07-08,"2025-07",610,585,18,7,0.959,-0.0418,0.0221,0.470589965270303,0.9779,-0.0745,0.9282
"T417",42.2833333333333,2025-08-25,"2025-08",676,649,23,4,0.9601,-0.0408,0.0285,0.508444749588995,0.9715,-0.0755,0.9273
"T417",71.9,2025-09-04,"2025-09",791,765,20,6,0.9671,-0.0334,0.026,0.360268379101243,0.974,-0.0665,0.9357
"T417",61.8666666666667,2025-10-23,"2025-10",649,628,15,6,0.9676,-0.0329,0.0349,0.305249250915732,0.9651,-0.0684,0.9339
"T417",57.3333333333333,2025-11-11,"2025-11",759,736,11,12,0.9697,-0.0308,0.0367,0.603226190662714,0.9633,-0.0665,0.9357
"T418",52.1166666666667,2025-07-02,"2025-07",446,394,49,3,0.8834,-0.124,0.0412,0.131932059805638,0.9588,-0.176,0.8386
"T418",55.2,2025-08-22,"2025-08",373,335,33,5,0.8981,-0.1074,0.2345,0.255477604859243,0.7655,-0.3306,0.7185
"T418",28.6333333333333,2025-09-02,"2025-09",240,215,23,2,0.8958,-0.11,0.2526,0.270538667573,0.7474,-0.3605,0.6973
"T418",52.3333333333333,2025-10-17,"2025-10",460,404,53,3,0.8783,-0.1298,0.1949,0.178742819328605,0.8051,-0.3045,0.7375
"T418",28.6333333333333,2025-11-15,"2025-11",70,57,13,0,0.8143,-0.2054,0.0424,0.173191170868109,0.9576,-0.2703,0.7632
"T419",62.2333333333333,2025-07-31,"2025-07",431,366,58,7,0.8492,-0.1635,0.14,0.201991159999513,0.86,-0.2852,0.7519
"T419",31.1166666666667,2025-08-12,"2025-08",385,321,56,8,0.8338,-0.1818,0.1405,0.195778007407919,0.8595,-0.307,0.7357
"T419",62.2333333333333,2025-09-30,"2025-09",339,280,51,8,0.826,-0.1912,0.0944,0.597813748805487,0.9056,-0.2813,0.7548
"T419",31.1166666666667,2025-10-21,"2025-10",349,296,49,4,0.8481,-0.1647,0.1223,0.392887301672356,0.8777,-0.2715,0.7622
"T419",51.6166666666667,2025-11-18,"2025-11",417,354,52,11,0.8489,-0.1638,0.1599,0.480328153731037,0.8401,-0.3046,0.7374
"T451",95.8833333333333,2025-07-28,"2025-07",596,495,98,3,0.8305,-0.1857,0.0783,0.188733259743304,0.9217,-0.265,0.7672
"T451",92.7333333333333,2025-08-12,"2025-08",438,359,72,7,0.8196,-0.1989,0.083,0.448074196603128,0.917,-0.2834,0.7532
"T451",88.7666666666666,2025-09-23,"2025-09",581,480,94,7,0.8262,-0.191,0.0944,0.0284988939526035,0.9056,-0.2811,0.755
"T451",95.8833333333333,2025-10-14,"2025-10",622,519,92,11,0.8344,-0.181,0.0787,0.0534425173577973,0.9213,-0.2596,0.7714
"T451",113.5,2025-11-04,"2025-11",468,389,70,9,0.8312,-0.1849,0.0679,0.109311550624808,0.9321,-0.2584,0.7723
"T453",67.8,2025-07-03,"2025-07",836,720,103,13,0.8612,-0.1494,0.0896,0.0619290290887451,0.9104,-0.2301,0.7945
"T453",70.85,2025-08-05,"2025-08",737,628,94,15,0.8521,-0.16,0.0888,0.255546567215028,0.9112,-0.2417,0.7853
"T453",36.95,2025-09-29,"2025-09",351,307,42,2,0.8746,-0.1339,0.1207,0.0385275938663503,0.8793,-0.2345,0.791
"T453",36.95,2025-10-13,"2025-10",538,464,68,6,0.8625,-0.148,0.0978,0.0364106503860953,0.9022,-0.2338,0.7915
"T453",33.9,2025-11-22,"2025-11",54,46,7,1,0.8519,-0.1603,0.0869,0.0527977944615114,0.9131,-0.241,0.7858
"T454",21.4333333333333,2025-07-30,"2025-07",195,188,4,3,0.9641,-0.0366,0.0896,0.11551816817924,0.9104,-0.0997,0.9051
"T454",10.7333333333333,2025-08-07,"2025-08",136,130,5,1,0.9559,-0.0451,0.0588,0.128272803100987,0.9412,-0.0924,0.9117
"T454",10.7333333333333,2025-09-20,"2025-09",29,27,2,0,0.931,-0.0715,0.0188,0.102628863852486,0.9812,-0.1081,0.8975
"T454",21.3333333333333,2025-10-14,"2025-10",201,192,5,4,0.9552,-0.0458,0.0898,0.117941305937122,0.9102,-0.1104,0.8955
"T454",21.3333333333333,2025-11-11,"2025-11",211,201,10,0,0.9526,-0.0486,0.0027,0.0563261845562671,0.9973,-0.0781,0.9249
"T455",24.05,2025-07-15,"2025-07",363,338,19,6,0.9311,-0.0714,0.0345,0.504065210926222,0.9655,-0.1126,0.8935
"T455",24.05,2025-08-11,"2025-08",332,308,21,3,0.9277,-0.075,0.031,0.199951796537219,0.969,-0.1162,0.8903
"T455",24.05,2025-09-15,"2025-09",367,343,24,0,0.9346,-0.0676,0.0185,0.129871783970727,0.9815,-0.1036,0.9016
"T455",48.1,2025-10-08,"2025-10",399,374,22,3,0.9373,-0.0647,0.0254,0.136257735193273,0.9746,-0.1023,0.9028
"T455",47.05,2025-11-21,"2025-11",237,223,11,3,0.9409,-0.0609,0.0551,0.137478596273505,0.9449,-0.1087,0.897
"T456",14.8,2025-07-15,"2025-07",155,147,0,8,0.9484,-0.053,0.0685,0.305116822940043,0.9315,-0.1062,0.8992
"T456",14.8,2025-08-19,"2025-08",174,164,7,3,0.9425,-0.0592,0.0438,0.0563299440795036,0.9562,-0.1023,0.9028
"T456",14.8,2025-09-29,"2025-09",114,107,5,2,0.9386,-0.0634,0.0303,0.250454525906603,0.9697,-0.1021,0.9029
"T456",27.1,2025-10-03,"2025-10",175,165,7,3,0.9429,-0.0588,0.0187,0.160281257026036,0.9813,-0.0937,0.9106
"T456",25.3,2025-11-20,"2025-11",174,165,8,1,0.9483,-0.0531,0.0113,0.0330446551401786,0.9887,-0.0854,0.9181
"T457",40.4333333333333,2025-07-24,"2025-07",437,401,32,4,0.9176,-0.086,0.031,0.0238396465250378,0.969,-0.1284,0.8795
"T457",39.4,2025-08-23,"2025-08",75,68,7,0,0.9067,-0.098,0.0328,0.239438286380051,0.9672,-0.1431,0.8667
"T457",80.05,2025-09-24,"2025-09",410,376,30,4,0.9171,-0.0866,0.0398,0.0571362323870186,0.9602,-0.1323,0.8761
"T457",64.7666666666667,2025-10-09,"2025-10",598,547,40,11,0.9147,-0.0891,0.0526,0.0497831897794364,0.9474,-0.1404,0.869
"T457",40.4333333333333,2025-11-01,"2025-11",82,75,7,0,0.9146,-0.0892,0.0354,0.0137553904585318,0.9646,-0.1336,0.8749
"T458",39.5,2025-07-26,"2025-07",55,51,4,0,0.9273,-0.0755,0.0114,0.00810205735189114,0.9886,-0.1111,0.8948
"T458",41.7,2025-08-09,"2025-08",85,78,7,0,0.9176,-0.0859,0.0204,0.0183903490576318,0.9796,-0.1256,0.882
"T458",37.4666666666667,2025-09-16,"2025-09",63,57,6,0,0.9048,-0.1001,0.0278,0.0869130574027945,0.9722,-0.1436,0.8662
"T458",62.65,2025-10-31,"2025-10",507,461,44,2,0.9093,-0.0951,0.0191,0.100443595193445,0.9809,-0.1357,0.8731
"T458",41.35,2025-11-06,"2025-11",333,308,24,1,0.9249,-0.078,0.0347,0.0109855587022236,0.9653,-0.1202,0.8867
"T459",71.2666666666667,2025-07-31,"2025-07",462,420,39,3,0.9091,-0.0953,0.049,0.0237677437091879,0.951,-0.1459,0.8642
"T459",70,2025-08-28,"2025-08",452,411,38,3,0.9093,-0.0951,0.0508,0.0215394193193638,0.9492,-0.1465,0.8637
"T459",54.0833333333333,2025-09-11,"2025-09",412,371,41,0,0.9005,-0.1048,0.0431,0.025103436741448,0.9569,-0.1547,0.8567
"T459",36.0166666666667,2025-10-04,"2025-10",84,76,8,0,0.9048,-0.1001,0.0314,0.00958898085544829,0.9686,-0.1453,0.8648
"T459",36.0166666666667,2025-11-15,"2025-11",51,46,5,0,0.902,-0.1032,0.0619,0.00974262627152795,0.9381,-0.1608,0.8515
"T460",65.2833333333333,2025-07-14,"2025-07",462,388,74,0,0.8398,-0.1746,0.0532,0.144805312269745,0.9468,-0.2394,0.7871
"T460",130.266666666667,2025-08-20,"2025-08",717,606,109,2,0.8452,-0.1682,0.0562,0.20075654525205,0.9438,-0.2332,0.792
"T460",92.1166666666666,2025-09-19,"2025-09",675,561,111,3,0.8311,-0.185,0.0652,0.093689489360689,0.9348,-0.257,0.7734
"T460",67.15,2025-10-27,"2025-10",308,259,49,0,0.8409,-0.1733,0.0539,0.195820232473955,0.9461,-0.238,0.7882
"T460",131.7,2025-11-26,"2025-11",766,645,121,0,0.842,-0.1719,0.0474,0.0290804241142846,0.9526,-0.234,0.7914
"T461",30.4833333333333,2025-07-16,"2025-07",434,409,19,6,0.9424,-0.0593,0.1063,2.03455065801481,0.8937,-0.1371,0.8719
"T461",45.4,2025-08-27,"2025-08",424,404,16,4,0.9528,-0.0483,0.1256,4.80225867587166,0.8744,-0.1396,0.8697
"T461",22.7333333333333,2025-09-15,"2025-09",363,332,30,1,0.9146,-0.0893,0.0382,3.34984418400341,0.9618,-0.1346,0.8741
"T461",22.7333333333333,2025-10-21,"2025-10",369,344,22,3,0.9322,-0.0702,0.0276,2.1534854688942,0.9724,-0.109,0.8967
"T461",22.7333333333333,2025-11-08,"2025-11",57,52,5,0,0.9123,-0.0918,0.0657,1.91641296382939,0.9343,-0.1498,0.8609
"T462",43.4666666666667,2025-07-07,"2025-07",331,309,21,1,0.9335,-0.0688,0.0211,1.70671696012968,0.9789,-0.1059,0.8995
"T462",56.9166666666667,2025-08-20,"2025-08",470,445,20,5,0.9468,-0.0547,0.0869,2.43673429638933,0.9131,-0.1188,0.888
"T462",42.2833333333333,2025-09-16,"2025-09",55,51,4,0,0.9273,-0.0755,0.008,2.82701259743724,0.992,-0.1103,0.8956
"T462",68.35,2025-10-23,"2025-10",553,517,32,4,0.9349,-0.0673,0.0279,3.57060721203637,0.9721,-0.106,0.8994
"T462",85.0166666666667,2025-11-14,"2025-11",424,400,21,3,0.9434,-0.0583,0.0278,0.258027065447839,0.9722,-0.0956,0.9088
"T463",58.75,2025-07-15,"2025-07",457,425,26,6,0.93,-0.0726,0.0595,3.13629093376972,0.9405,-0.1245,0.8829
"T463",33.8833333333333,2025-08-11,"2025-08",407,379,25,3,0.9312,-0.0713,0.0364,4.22168896267104,0.9636,-0.1133,0.8929
"T463",62.0666666666666,2025-09-23,"2025-09",505,477,18,10,0.9446,-0.057,0.0753,6.76160347935427,0.9247,-0.1146,0.8917
"T463",30.8833333333333,2025-10-11,"2025-10",57,53,4,0,0.9298,-0.0728,0.0332,1.47040179882915,0.9668,-0.114,0.8923
"T463",33.3333333333333,2025-11-08,"2025-11",89,82,7,0,0.9213,-0.0819,0.0601,5.50463546719187,0.9399,-0.1354,0.8734
"T464",40,2025-07-26,"2025-07",62,54,8,0,0.871,-0.1382,0.0635,0.0826000710525829,0.9365,-0.2024,0.8168
"T464",81.8,2025-08-28,"2025-08",341,294,40,7,0.8622,-0.1483,0.1049,1.3130009836835,0.8951,-0.2393,0.7872
"T464",94.0833333333333,2025-09-04,"2025-09",297,251,43,3,0.8451,-0.1683,0.051,1.84026998703975,0.949,-0.2315,0.7933
"T464",108.8,2025-10-29,"2025-10",473,407,57,9,0.8605,-0.1503,0.0716,0.0889739508983474,0.9284,-0.2206,0.802
"T464",92.7333333333333,2025-11-21,"2025-11",163,142,19,2,0.8712,-0.1379,0.0681,0.0469117622066506,0.9319,-0.2043,0.8152
"T465",70.1833333333333,2025-07-23,"2025-07",166,135,22,9,0.8133,-0.2067,0.0858,0.150710956257939,0.9142,-0.2936,0.7456
"T465",66.5666666666667,2025-08-28,"2025-08",178,143,31,4,0.8034,-0.2189,0.093,0.166424510953627,0.907,-0.3124,0.7317
"T465",38.05,2025-09-17,"2025-09",216,174,35,7,0.8056,-0.2162,0.1032,0.133288910353369,0.8968,-0.3165,0.7287
"T465",66.5666666666667,2025-10-17,"2025-10",216,177,30,9,0.8194,-0.1991,0.0991,0.194984235615245,0.9009,-0.2939,0.7454
"T465",66.5666666666667,2025-11-07,"2025-11",237,190,43,4,0.8017,-0.221,0.0749,0.11254643382474,0.9251,-0.3039,0.7379
"T504",43.1333333333333,2025-07-02,"2025-07",132,119,12,1,0.9015,-0.1037,0.0125,0.041656759791943,0.9875,-0.1438,0.8661
"T504",84.1166666666667,2025-08-13,"2025-08",130,120,8,2,0.9231,-0.08,0.0591,0.0170412734265958,0.9409,-0.1325,0.8759
"T504",79.7333333333333,2025-09-10,"2025-09",160,151,8,1,0.9438,-0.0579,0.04,0.025174921383525,0.96,-0.0989,0.9058
"T504",43.1333333333333,2025-10-17,"2025-10",189,172,13,4,0.9101,-0.0943,0.0249,0.0229523407315015,0.9751,-0.1365,0.8724
"T504",42.4833333333333,2025-11-18,"2025-11",52,47,5,0,0.9038,-0.1011,0.0208,0.0275917398353721,0.9792,-0.1429,0.8668
"T505",44.3666666666667,2025-07-28,"2025-07",84,79,5,0,0.9405,-0.0614,0.0229,0.0149339810904123,0.9771,-0.0979,0.9067
"T505",80.5166666666667,2025-08-06,"2025-08",246,229,17,0,0.9309,-0.0716,0.0166,0.026192337533228,0.9834,-0.1079,0.8977
"T505",44.3666666666667,2025-09-25,"2025-09",107,99,8,0,0.9252,-0.0777,0.018,0.0219237201563627,0.982,-0.1154,0.891
"T505",44.3666666666667,2025-10-30,"2025-10",114,106,7,1,0.9298,-0.0728,0.0214,0.0238748377751112,0.9786,-0.1106,0.8953
"T505",54.8833333333333,2025-11-07,"2025-11",153,143,10,0,0.9346,-0.0676,0.0503,0.0101132091840325,0.9497,-0.1144,0.8919
"T506",32.4333333333333,2025-07-05,"2025-07",22,19,2,1,0.8636,-0.1466,0.0298,NA,0.9702,-0.1983,0.8201
"T506",41.9,2025-08-04,"2025-08",142,133,8,1,0.9366,-0.0655,0.0244,NA,0.9756,-0.1028,0.9023
"T506",41.9,2025-10-30,"2025-10",93,87,3,3,0.9355,-0.0667,0.1667,0.115399826689645,0.8333,-0.1993,0.8193
"T506",41.9,2025-11-18,"2025-11",26,25,1,0,0.9615,-0.0392,0.0211,0.023970919882224,0.9789,-0.0717,0.9308
"T507",42.6666666666667,2025-07-04,"2025-07",29,28,1,0,0.9655,-0.0351,0.0055,NA,0.9945,-0.0635,0.9385
"T507",28.1833333333333,2025-08-05,"2025-08",21,20,1,0,0.9524,-0.0488,0.0408,NA,0.9592,-0.089,0.9148
"T507",39.8166666666667,2025-10-18,"2025-10",50,46,4,0,0.92,-0.0834,0.0278,0.0606342587431671,0.9722,-0.1243,0.8831
"T507",42,2025-11-06,"2025-11",81,75,5,1,0.9259,-0.077,0.0598,0.0222288851122438,0.9402,-0.1297,0.8784
"T508",32.4166666666667,2025-10-28,"2025-10",40,36,4,0,0.9,-0.1054,0.0292,NA,0.9708,-0.1505,0.8603
"T508",33.75,2025-11-24,"2025-11",104,90,11,3,0.8654,-0.1446,0.0487,0.00795353171029491,0.9513,-0.2026,0.8166
"T509",80.4833333333333,2025-07-02,"2025-07",613,536,72,5,0.8744,-0.1342,0.0624,0.40928534714135,0.9376,-0.197,0.8212
"T509",70.05,2025-08-05,"2025-08",283,252,31,0,0.8905,-0.116,0.0505,0.0617568302858601,0.9495,-0.1706,0.8432
"T509",88.6166666666667,2025-09-24,"2025-09",306,266,37,3,0.8693,-0.1401,0.1093,0.757234970330654,0.8907,-0.2329,0.7922
"T509",65.0833333333333,2025-10-13,"2025-10",182,157,25,0,0.8626,-0.1478,0.056,0.124583340678855,0.944,-0.2096,0.8109
"T509",119.866666666667,2025-11-18,"2025-11",613,535,77,1,0.8728,-0.1361,0.0772,0.022157299023121,0.9228,-0.2072,0.8129
"T510",27.6833333333333,2025-08-11,"2025-08",44,34,10,0,0.7727,-0.2578,0.0669,NA,0.9331,-0.342,0.7103
"T510",27.6833333333333,2025-10-15,"2025-10",31,24,5,2,0.7742,-0.2559,0.2175,NA,0.7825,-0.4786,0.6197
"T511",50.4,2025-07-05,"2025-07",49,43,6,0,0.8776,-0.1306,0.0895,0.0552868374932045,0.9105,-0.2078,0.8124
"T511",62.0833333333333,2025-08-26,"2025-08",341,302,37,2,0.8856,-0.1215,0.0813,0.0390301114525695,0.9187,-0.1923,0.8251
"T511",62.0833333333333,2025-09-02,"2025-09",377,328,48,1,0.87,-0.1392,0.091,1.48857367820829,0.909,-0.2188,0.8035
"T511",61.3666666666667,2025-10-06,"2025-10",320,280,37,3,0.875,-0.1335,0.094,0.165532411931923,0.906,-0.2146,0.8069
"T511",122.483333333333,2025-11-13,"2025-11",714,630,77,7,0.8824,-0.1252,0.0961,0.0303570300813884,0.9039,-0.2061,0.8138
"T512",1.56666666666667,2025-08-21,"2025-08",1,0,0,1,0,-Inf,14.9787,NA,0,NA,0
"T512",25.35,2025-10-10,"2025-10",20,18,2,0,0.9,-0.1054,0.027,NA,0.973,-0.1499,0.8608
"T512",32.85,2025-11-21,"2025-11",52,46,6,0,0.8846,-0.1226,0.0167,0.0099142994373447,0.9833,-0.1666,0.8465
"T542",24.1,2025-07-31,"2025-07",241,240,0,1,0.9959,-0.0042,4e-04,0.0166337966466826,0.9996,-0.0267,0.9737
"T542",24.1,2025-08-19,"2025-08",147,146,0,1,0.9932,-0.0068,0.004,0.030017024144001,0.996,-0.03,0.9704
"T542",21.2333333333333,2025-09-30,"2025-09",76,76,0,0,1,0,0,0.0319511039477239,1,-0.0218,0.9784
"T542",12.05,2025-10-21,"2025-10",198,197,1,0,0.9949,-0.0051,0.0017,0.033144061308174,0.9983,-0.0279,0.9725
"T542",24.1,2025-11-13,"2025-11",112,110,2,0,0.9821,-0.018,0.0085,0.0350571200566542,0.9915,-0.0441,0.9569
"T543",41.5166666666667,2025-07-23,"2025-07",362,330,19,13,0.9116,-0.0926,0.5468,0.281233375779657,0.4532,-1.0216,0.36
"T543",71.6833333333333,2025-08-08,"2025-08",443,401,24,18,0.9052,-0.0996,0.5735,0.243996338938486,0.4265,-1.1147,0.328
"T543",36.5166666666667,2025-09-20,"2025-09",64,54,8,2,0.8438,-0.1699,0.5593,0.489988836589043,0.4407,-1.1505,0.3165
"T543",36.5166666666667,2025-10-13,"2025-10",356,319,20,17,0.8961,-0.1097,0.5707,0.141876135576614,0.4293,-1.1173,0.3272
"T543",56.6333333333333,2025-11-28,"2025-11",383,341,27,15,0.8903,-0.1162,0.6284,0.139830228253169,0.3716,-1.3209,0.2669
"T544",49.4666666666667,2025-07-22,"2025-07",401,373,21,7,0.9302,-0.0724,0.0511,0.327841952228548,0.9489,-0.1206,0.8864
"T544",24.7333333333333,2025-08-02,"2025-08",36,33,3,0,0.9167,-0.087,0.0125,0.291978781104697,0.9875,-0.1248,0.8827
"T544",49.4666666666667,2025-09-30,"2025-09",302,277,19,6,0.9172,-0.0864,0.0211,0.120652331701163,0.9789,-0.126,0.8816
"T544",49.4666666666667,2025-10-14,"2025-10",369,347,12,10,0.9404,-0.0615,0.1073,0.292486677930238,0.8927,-0.1404,0.869
"T544",47.6666666666667,2025-11-14,"2025-11",318,295,17,6,0.9277,-0.0751,0.0557,0.0951201345667677,0.9443,-0.1252,0.8823
"T545",62.6,2025-07-08,"2025-07",97,86,8,3,0.8866,-0.1204,0.1457,0.201386318221141,0.8543,-0.2406,0.7862
"T545",45.2166666666667,2025-08-22,"2025-08",16,12,3,1,0.75,-0.2877,0.272,NA,0.728,-0.596,0.551
"T545",39.05,2025-09-26,"2025-09",15,12,3,0,0.8,-0.2231,0.0371,0.231278870269926,0.9629,-0.2889,0.7491
"T545",45.2166666666667,2025-10-16,"2025-10",31,28,1,2,0.9032,-0.1018,0.0563,0.893437912411004,0.9437,-0.1565,0.8551
"T545",45.2166666666667,2025-11-18,"2025-11",108,95,11,2,0.8796,-0.1283,0.1472,0.00915751057875447,0.8528,-0.2511,0.7779
"T559",38.55,2025-07-11,"2025-07",179,150,25,4,0.838,-0.1768,0.0954,0.229672414426979,0.9046,-0.2651,0.7671
"T559",24.1333333333333,2025-08-14,"2025-08",169,146,23,0,0.8639,-0.1463,0.0832,0.117552644235111,0.9168,-0.2223,0.8007
"T559",21.4333333333333,2025-09-17,"2025-09",194,163,29,2,0.8402,-0.1741,0.0925,0.590391410564199,0.9075,-0.2602,0.7709
"T559",34.2333333333333,2025-10-23,"2025-10",207,173,29,5,0.8357,-0.1794,0.1037,0.0471515979009766,0.8963,-0.2743,0.7601
"T559",21.4333333333333,2025-11-10,"2025-11",200,175,20,5,0.875,-0.1335,0.1053,0.0362144340468457,0.8947,-0.222,0.8009
"T560",35.9333333333333,2025-07-17,"2025-07",524,486,37,1,0.9275,-0.0753,0.0262,0.0204135010628022,0.9738,-0.1145,0.8918
"T560",35.9333333333333,2025-08-20,"2025-08",324,300,20,4,0.9259,-0.077,0.0386,0.0184467250932697,0.9614,-0.1207,0.8863
"T560",17.9666666666667,2025-09-29,"2025-09",156,144,11,1,0.9231,-0.08,0.0364,0.0480712388024274,0.9636,-0.1233,0.884
"T560",35.9333333333333,2025-10-23,"2025-10",397,366,28,3,0.9219,-0.0813,0.0339,0.0337185151047546,0.9661,-0.1242,0.8832
"T560",17.9666666666667,2025-11-08,"2025-11",39,36,3,0,0.9231,-0.08,0.0297,0.0360315611651785,0.9703,-0.1212,0.8859
"T561",54.4,2025-07-18,"2025-07",505,487,11,7,0.9644,-0.0363,0.013,0.166731713033406,0.987,-0.066,0.9361
"T561",54.4,2025-08-13,"2025-08",400,388,7,5,0.97,-0.0305,0.0184,0.0996267873307483,0.9816,-0.0609,0.9409
"T561",27.2,2025-09-08,"2025-09",110,106,4,0,0.9636,-0.037,0.0127,0.169101413487523,0.9873,-0.067,0.9352
"T561",40.9,2025-10-29,"2025-10",431,416,11,4,0.9652,-0.0354,0.0136,0.347175211528703,0.9864,-0.065,0.9371
"T561",27.2,2025-11-17,"2025-11",360,354,3,3,0.9833,-0.0168,0.0564,0.11866011334901,0.9436,-0.0582,0.9435
"T562",18.0666666666667,2025-07-21,"2025-07",91,76,13,2,0.8352,-0.1801,0.157,0.0555596655744654,0.843,-0.3206,0.7257
"T562",26.4833333333333,2025-08-15,"2025-08",206,172,29,5,0.835,-0.1804,0.1385,0.0560814782258813,0.8615,-0.3032,0.7385
"T562",12.6333333333333,2025-09-27,"2025-09",32,26,6,0,0.8125,-0.2076,0.1254,0.0924949954580388,0.8746,-0.3232,0.7238
"T562",18.0666666666667,2025-10-09,"2025-10",122,101,20,1,0.8279,-0.1889,0.1568,0.0330829170418813,0.8432,-0.3304,0.7186
"T562",27,2025-11-27,"2025-11",132,111,17,4,0.8409,-0.1733,0.1424,0.0289845461072531,0.8576,-0.2988,0.7417
"T563",56.7,2025-07-11,"2025-07",178,140,34,4,0.7865,-0.2401,0.1689,0.162988694747165,0.8311,-0.4023,0.6688
"T563",62.6,2025-08-13,"2025-08",210,162,45,3,0.7714,-0.2595,0.1666,0.0621441490531366,0.8334,-0.4222,0.6556
"T563",64.6166666666667,2025-09-24,"2025-09",270,209,51,10,0.7741,-0.2561,0.1462,0.0996499001032099,0.8538,-0.3979,0.6717
"T563",33.4333333333333,2025-10-15,"2025-10",99,70,29,0,0.7071,-0.3466,0.0924,0.114139627380071,0.9076,-0.4596,0.6315
"T563",66.8666666666667,2025-11-27,"2025-11",246,190,51,5,0.7724,-0.2583,0.1134,0.0548511166704927,0.8866,-0.3724,0.6891
"T564",18.2333333333333,2025-07-22,"2025-07",36,31,5,0,0.8611,-0.1495,0.0265,0.38132964695412,0.9735,-0.2003,0.8185
"T564",18.2333333333333,2025-08-12,"2025-08",190,174,14,2,0.9158,-0.088,0.1862,0.271579602071913,0.8138,-0.2456,0.7822
"T564",18.2333333333333,2025-09-26,"2025-09",210,196,13,1,0.9333,-0.069,0.1388,0.541294462159454,0.8612,-0.175,0.8395
"T564",24,2025-10-22,"2025-10",157,143,14,0,0.9108,-0.0934,0.0225,0.3672910324776,0.9775,-0.1345,0.8742
"T564",32.7833333333333,2025-11-20,"2025-11",190,176,13,1,0.9263,-0.0765,0.0229,0.529084774323598,0.9771,-0.1151,0.8913
"T565",32.7333333333333,2025-07-19,"2025-07",59,48,7,4,0.8136,-0.2063,0.1352,1.14919963988321,0.8648,-0.3302,0.7188
"T565",32.7333333333333,2025-08-05,"2025-08",206,182,13,11,0.8835,-0.1239,0.1976,1.23237820966888,0.8024,-0.3008,0.7402
"T565",31.25,2025-09-16,"2025-09",57,46,8,3,0.807,-0.2144,0.1076,0.879677542329154,0.8924,-0.3175,0.728
"T565",65.4666666666667,2025-10-16,"2025-10",475,402,49,24,0.8463,-0.1669,0.1833,1.00354930723983,0.8167,-0.3337,0.7163
"T565",65.4666666666667,2025-11-28,"2025-11",195,172,7,16,0.8821,-0.1255,0.2995,0.985635174223539,0.7005,-0.4554,0.6342
"T566",54.6833333333334,2025-07-08,"2025-07",466,449,16,1,0.9635,-0.0372,0.0326,0.767982938679346,0.9674,-0.0725,0.9301
"T566",50.0333333333333,2025-08-29,"2025-08",383,371,11,1,0.9687,-0.0318,0.0465,0.207176682122735,0.9535,-0.0713,0.9312
"T566",50.0333333333333,2025-09-19,"2025-09",413,389,24,0,0.9419,-0.0599,0.0402,0.49143805240114,0.9598,-0.1015,0.9035
"T566",50.4333333333333,2025-10-31,"2025-10",349,333,14,2,0.9542,-0.0469,0.0387,0.0820658385781712,0.9613,-0.086,0.9176
"T566",43.4166666666667,2025-11-11,"2025-11",467,451,16,0,0.9657,-0.0349,0.0179,0.106097655959027,0.9821,-0.0659,0.9362
"T567",46.4666666666667,2025-07-30,"2025-07",325,308,15,2,0.9477,-0.0537,0.0246,0.126025645651285,0.9754,-0.0892,0.9147
"T567",46.4666666666667,2025-08-13,"2025-08",308,290,14,4,0.9416,-0.0602,0.0155,0.016073305150514,0.9845,-0.0945,0.9098
"T567",23.2333333333333,2025-09-12,"2025-09",89,84,5,0,0.9438,-0.0578,0.0176,0.0211956026436752,0.9824,-0.0924,0.9117
"T567",46.4666666666667,2025-10-08,"2025-10",180,170,9,1,0.9444,-0.0572,0.0198,0.0207383157093709,0.9802,-0.092,0.9121
"T567",46.4666666666667,2025-11-18,"2025-11",309,293,15,1,0.9482,-0.0532,0.0159,0.0262116604072376,0.9841,-0.0865,0.9171
"T568",74.5166666666667,2025-07-18,"2025-07",287,261,9,17,0.9094,-0.095,0.1043,0.36365371948092,0.8957,-0.1768,0.8379
"T568",37.2666666666667,2025-08-09,"2025-08",54,48,3,3,0.8889,-0.1178,0.0454,0.470828933314589,0.9546,-0.1703,0.8434
"T568",37.9,2025-09-17,"2025-09",230,203,18,9,0.8826,-0.1249,0.1142,0.442156466973211,0.8858,-0.2191,0.8032
"T568",37.9,2025-10-15,"2025-10",152,137,11,4,0.9013,-0.1039,0.0421,0.41957217184248,0.9579,-0.1529,0.8582
"T568",69.65,2025-11-27,"2025-11",443,403,25,15,0.9097,-0.0946,0.0607,0.20869944801077,0.9393,-0.1507,0.8601
"T569",16.2,2025-07-28,"2025-07",15,15,0,0,1,0,0,0.0514095565046033,1,-0.0218,0.9784
"T569",28.6833333333333,2025-08-25,"2025-08",30,30,0,0,1,0,0,0,1,-0.0218,0.9784
"T569",28.05,2025-09-30,"2025-09",81,77,0,4,0.9506,-0.0506,0.2584,NA,0.7416,-0.3005,0.7404
"T569",19.7833333333333,2025-10-16,"2025-10",19,18,0,1,0.9474,-0.0541,0.2182,0.152679872063522,0.7818,-0.2465,0.7815
"T569",28.1666666666667,2025-11-10,"2025-11",58,55,0,3,0.9483,-0.0531,0.1793,0.207524745512433,0.8207,-0.1977,0.8206
"T585",45.2333333333333,2025-07-29,"2025-07",655,635,11,9,0.9695,-0.031,0.2225,0.439103936290825,0.7775,-0.2256,0.798
"T585",34.5166666666667,2025-08-16,"2025-08",87,82,5,0,0.9425,-0.0592,0.0222,0.208596353128384,0.9778,-0.0947,0.9096
"T585",45.2333333333333,2025-09-10,"2025-09",409,395,5,9,0.9658,-0.0348,0.0776,0.288512120629273,0.9224,-0.0901,0.9138
"T585",45.2333333333333,2025-10-06,"2025-10",194,186,1,7,0.9588,-0.0421,0.0586,0.12949552989018,0.9414,-0.0886,0.9152
"T585",81.3666666666667,2025-11-25,"2025-11",664,641,7,16,0.9654,-0.0353,0.0529,0.180856781920576,0.9471,-0.0782,0.9248
"T586",36.2166666666667,2025-07-07,"2025-07",395,378,16,1,0.957,-0.044,0.0168,0.168705447300074,0.9832,-0.076,0.9268
"T586",67.85,2025-08-28,"2025-08",445,428,15,2,0.9618,-0.039,0.0148,0.0461692273472944,0.9852,-0.0697,0.9327
"T586",63.2666666666667,2025-09-18,"2025-09",515,494,21,0,0.9592,-0.0416,0.0139,0.073469776394639,0.9861,-0.0728,0.9298
"T586",63.2666666666667,2025-10-22,"2025-10",359,343,15,1,0.9554,-0.0456,0.0115,0.234500243463872,0.9885,-0.0768,0.9261
"T586",36.2166666666667,2025-11-10,"2025-11",353,338,13,2,0.9575,-0.0434,0.0334,0.0891124482512591,0.9666,-0.0803,0.9228
"T587",19.2333333333333,2025-07-28,"2025-07",342,337,3,2,0.9854,-0.0147,0.0562,0.232349131702378,0.9438,-0.0557,0.9458
"T587",19.2333333333333,2025-08-04,"2025-08",343,336,1,6,0.9796,-0.0206,0.0176,0.108804688247407,0.9824,-0.0491,0.9521
"T587",38.4666666666667,2025-09-12,"2025-09",291,285,1,5,0.9794,-0.0208,0.0225,0.145065247688606,0.9775,-0.0503,0.9509
"T587",38.4666666666667,2025-10-23,"2025-10",413,400,7,6,0.9685,-0.032,0.0234,0.145929137755809,0.9766,-0.064,0.938
"T587",38.4666666666667,2025-11-07,"2025-11",320,311,2,7,0.9719,-0.0285,0.0262,0.170841045224306,0.9738,-0.0606,0.9412
"T588",51.3666666666667,2025-07-18,"2025-07",472,432,34,6,0.9153,-0.0886,0.0427,0.137184741723791,0.9573,-0.1356,0.8732
"T588",45.8333333333333,2025-08-19,"2025-08",416,377,29,10,0.9062,-0.0984,0.0862,0.117544901862421,0.9138,-0.1687,0.8448
"T588",25.9333333333333,2025-09-22,"2025-09",403,375,18,10,0.9305,-0.072,0.1679,0.309905347839571,0.8321,-0.2073,0.8128
"T588",25.4333333333333,2025-10-25,"2025-10",63,56,6,1,0.8889,-0.1178,0.0376,0.20064382207898,0.9624,-0.1672,0.846
"T588",51.0666666666667,2025-11-25,"2025-11",400,373,20,7,0.9325,-0.0699,0.0601,0.101973901889977,0.9399,-0.1212,0.8859
"T589",59.2333333333333,2025-07-04,"2025-07",431,409,21,1,0.949,-0.0524,0.0392,0.155816891860843,0.9608,-0.0927,0.9115
"T589",29.6166666666667,2025-08-13,"2025-08",136,127,8,1,0.9338,-0.0685,0.0323,0.32336404595345,0.9677,-0.1089,0.8968
"T589",56.75,2025-09-26,"2025-09",489,459,27,3,0.9387,-0.0633,0.0286,0.656765878462271,0.9714,-0.1012,0.9038
"T589",29.6166666666667,2025-10-18,"2025-10",78,73,5,0,0.9359,-0.0662,0.0496,0.170029242959964,0.9504,-0.1126,0.8935
"T589",59.2333333333333,2025-11-06,"2025-11",258,245,9,4,0.9496,-0.0517,0.0321,0.108101113623619,0.9679,-0.0891,0.9148
"T772",77.2,2025-07-08,"2025-07",447,370,65,12,0.8277,-0.1891,0.1133,0.0464120673963141,0.8867,-0.2926,0.7463
"T772",119.5,2025-08-29,"2025-08",571,464,99,8,0.8126,-0.2075,0.0839,0.184300816476342,0.9161,-0.2934,0.7457
"T772",71.4666666666667,2025-09-26,"2025-09",437,355,75,7,0.8124,-0.2078,0.104,0.0348611396539329,0.896,-0.3074,0.7354
"T772",118.733333333333,2025-10-14,"2025-10",450,367,71,12,0.8156,-0.2039,0.1096,0.184384903269889,0.8904,-0.3067,0.7359
"T772",62.4,2025-11-10,"2025-11",447,374,66,7,0.8367,-0.1783,0.1285,0.135491653248457,0.8715,-0.2925,0.7464
"T801",54.4166666666667,2025-07-04,"2025-07",525,501,15,9,0.9543,-0.0468,0.1533,0.269461007174441,0.8467,-0.1629,0.8497
"T801",54.8,2025-08-19,"2025-08",562,544,10,8,0.968,-0.0326,0.2592,0.291173011534644,0.7408,-0.2809,0.7551
"T801",52.7333333333333,2025-09-11,"2025-09",521,506,9,6,0.9712,-0.0292,0.3215,0.294910660722821,0.6785,-0.3845,0.6808
"T801",54.8,2025-10-15,"2025-10",504,493,7,4,0.9782,-0.0221,0.275,0.332305179686014,0.725,-0.2939,0.7454
"T801",50.0166666666667,2025-11-11,"2025-11",483,468,12,3,0.9689,-0.0315,0.1193,0.248350802763618,0.8807,-0.1148,0.8915
"T802",54,2025-07-22,"2025-07",563,536,17,10,0.952,-0.0491,0.0922,0.215098127941353,0.9078,-0.1153,0.8911
"T802",97.5333333333333,2025-08-06,"2025-08",765,719,27,19,0.9399,-0.062,0.0925,0.283837750728231,0.9075,-0.1309,0.8773
"T802",55.65,2025-09-30,"2025-09",651,617,21,13,0.9478,-0.0536,0.0948,0.269713849757457,0.9052,-0.1223,0.8849
"T802",75.6666666666667,2025-10-03,"2025-10",757,709,31,17,0.9366,-0.0655,0.0976,0.119439012889424,0.9024,-0.1384,0.8708
"T802",93,2025-11-07,"2025-11",696,656,21,19,0.9425,-0.0592,0.0945,0.116392932631954,0.9055,-0.1287,0.8792
"T803",97.1333333333333,2025-07-08,"2025-07",399,377,16,6,0.9449,-0.0567,0.0219,0.385885685583777,0.9781,-0.092,0.9121
"T803",86.4833333333333,2025-08-06,"2025-08",560,529,22,9,0.9446,-0.0569,0.0306,0.0797836312496781,0.9694,-0.0947,0.9096
"T803",52.8333333333333,2025-09-15,"2025-09",165,155,9,1,0.9394,-0.0625,0.0209,0.0568348368303827,0.9791,-0.0983,0.9064
"T803",84.6833333333334,2025-10-24,"2025-10",584,551,24,9,0.9435,-0.0582,0.0428,0.0436533822815069,0.9572,-0.1007,0.9042
"T803",101.083333333333,2025-11-04,"2025-11",608,574,25,9,0.9441,-0.0575,0.0316,0.0537093449348745,0.9684,-0.0958,0.9086
"T804",47.8166666666667,2025-07-17,"2025-07",126,98,27,1,0.7778,-0.2513,0.1005,0.169461829905356,0.8995,-0.3553,0.701
"T804",78.1333333333333,2025-08-13,"2025-08",187,158,25,4,0.8449,-0.1685,0.1907,0.154354465651845,0.8093,-0.3442,0.7088
"T804",48.7166666666667,2025-09-09,"2025-09",172,142,23,7,0.8256,-0.1917,0.1285,0.0878054052956548,0.8715,-0.3077,0.7351
"T804",63.6,2025-10-24,"2025-10",146,123,17,6,0.8425,-0.1714,0.1765,0.18711688949246,0.8235,-0.3314,0.7179
"T804",39.8,2025-11-08,"2025-11",17,13,4,0,0.7647,-0.2683,0.1198,1.05838408980513,0.8802,-0.3893,0.6775
"T805",43.6333333333333,2025-07-08,"2025-07",440,415,23,2,0.9432,-0.0585,0.0417,0.0162166510747371,0.9583,-0.1004,0.9045
"T805",46.8666666666667,2025-08-21,"2025-08",453,423,27,3,0.9338,-0.0685,0.0392,0.036991923650773,0.9608,-0.111,0.8949
"T805",48.8666666666667,2025-09-26,"2025-09",403,380,18,5,0.9429,-0.0588,0.0576,0.0280823465615998,0.9424,-0.1077,0.8979
"T805",23.5166666666667,2025-10-27,"2025-10",284,267,15,2,0.9401,-0.0617,0.0328,0.113281760158533,0.9672,-0.1011,0.9038
"T805",25.4333333333333,2025-11-05,"2025-11",320,300,15,5,0.9375,-0.0645,0.0459,0.0348784197845411,0.9541,-0.109,0.8967
"T807",37.3833333333333,2025-07-12,"2025-07",63,55,7,1,0.873,-0.1358,0.1006,0.0689348075525543,0.8994,-0.2215,0.8013
"T807",79.3166666666666,2025-08-07,"2025-08",894,771,117,6,0.8624,-0.148,0.081,0.0343027372758412,0.919,-0.2234,0.7998
"T807",36.9666666666667,2025-09-20,"2025-09",91,78,13,0,0.8571,-0.1542,0.0718,0.117533976509169,0.9282,-0.2248,0.7987
"T807",41.15,2025-10-27,"2025-10",392,339,48,5,0.8648,-0.1453,0.0821,0.0594873024589799,0.9179,-0.2207,0.802
"T807",41.9333333333333,2025-11-17,"2025-11",679,591,83,5,0.8704,-0.1388,0.0835,0.0301378123514852,0.9165,-0.2137,0.8076
"T808",11.05,2025-07-15,"2025-07",177,167,10,0,0.9435,-0.0582,0.022,0.0166035171161649,0.978,-0.0935,0.9107
"T808",19.3166666666667,2025-08-26,"2025-08",196,183,13,0,0.9337,-0.0686,0.0145,0.0801886634036354,0.9855,-0.1038,0.9014
"T808",20.1666666666667,2025-09-25,"2025-09",206,194,12,0,0.9417,-0.06,0.0201,0.0217838575389062,0.9799,-0.0956,0.9088
"T808",11.05,2025-10-01,"2025-10",163,152,10,1,0.9325,-0.0699,0.0217,0.0107761795713437,0.9783,-0.1072,0.8983
"T808",11.05,2025-11-19,"2025-11",124,117,7,0,0.9435,-0.0581,0.0248,0.0168028443934396,0.9752,-0.0946,0.9097
"T809",33.25,2025-07-28,"2025-07",335,295,36,4,0.8806,-0.1272,0.0289,0.0551915029175868,0.9711,-0.1754,0.8391
"T809",56.9333333333333,2025-08-08,"2025-08",332,301,26,5,0.9066,-0.098,0.0974,0.0261532089515137,0.9026,-0.1754,0.8391
"T809",56.9333333333333,2025-09-11,"2025-09",416,365,46,5,0.8774,-0.1308,0.0357,0.0194848807979455,0.9643,-0.1817,0.8339
"T809",44.35,2025-10-10,"2025-10",421,371,49,1,0.8812,-0.1264,0.0435,0.0180033347338337,0.9565,-0.1797,0.8355
"T809",56.9333333333333,2025-11-27,"2025-11",398,353,40,5,0.8869,-0.12,0.0592,0.0143781466121333,0.9408,-0.179,0.8361
"T810",34,2025-07-23,"2025-07",350,285,60,5,0.8143,-0.2054,0.0964,0.0654131546229105,0.9036,-0.2992,0.7414
"T810",34,2025-08-28,"2025-08",348,280,56,12,0.8046,-0.2174,0.0977,0.053332016794648,0.9023,-0.3138,0.7307
"T810",17.9,2025-09-02,"2025-09",220,178,31,11,0.8091,-0.2118,0.1179,0.0263760757731018,0.8821,-0.3226,0.7243
"T810",34,2025-10-08,"2025-10",338,274,58,6,0.8107,-0.2099,0.0804,0.0250771477337742,0.9196,-0.2943,0.7451
"T810",35.8,2025-11-14,"2025-11",343,276,55,12,0.8047,-0.2173,0.0884,0.0279191224790465,0.9116,-0.3079,0.735
"T811",53.4333333333333,2025-07-23,"2025-07",314,296,18,0,0.9427,-0.059,0.0382,0.0373761198957508,0.9618,-0.0996,0.9052
"T811",49.65,2025-08-14,"2025-08",354,331,21,2,0.935,-0.0672,0.0457,0.0252982735805004,0.9543,-0.1121,0.894
"T811",28.9166666666667,2025-09-17,"2025-09",347,324,22,1,0.9337,-0.0686,0.0523,0.0484426749222541,0.9477,-0.1166,0.8899
"T811",56.4833333333333,2025-10-31,"2025-10",380,356,23,1,0.9368,-0.0652,0.0418,0.0171029282243174,0.9582,-0.1081,0.8975
"T811",57.6333333333333,2025-11-20,"2025-11",479,452,22,5,0.9436,-0.058,0.0644,0.0220892296530836,0.9356,-0.1098,0.896
"T812",46.2333333333333,2025-07-23,"2025-07",317,284,33,0,0.8959,-0.1099,0.0727,0.154894075468962,0.9273,-0.1743,0.84
"T812",47.5333333333333,2025-08-19,"2025-08",327,299,24,4,0.9144,-0.0895,0.1047,0.246191516819419,0.8953,-0.171,0.8428
"T812",47.5333333333333,2025-09-18,"2025-09",361,324,37,0,0.8975,-0.1081,0.086,0.158466400224148,0.914,-0.1799,0.8354
"T812",45.7833333333333,2025-10-01,"2025-10",343,312,30,1,0.9096,-0.0947,0.0661,0.326167603565076,0.9339,-0.1533,0.8579
"T812",23.8166666666667,2025-11-19,"2025-11",215,196,18,1,0.9116,-0.0925,0.0889,0.243876770931551,0.9111,-0.1634,0.8493
"T813",34.6333333333333,2025-07-08,"2025-07",494,458,33,3,0.9271,-0.0757,0.0478,0.0412688944899382,0.9522,-0.1225,0.8847
"T813",36.05,2025-08-27,"2025-08",453,425,22,6,0.9382,-0.0638,0.0426,0.0407004842156038,0.9574,-0.1072,0.8983
"T813",20.1333333333333,2025-09-22,"2025-09",427,397,26,4,0.9297,-0.0728,0.0388,0.0225786351335229,0.9612,-0.1156,0.8908
"T813",34.6333333333333,2025-10-02,"2025-10",439,411,25,3,0.9362,-0.0659,0.0483,0.0164539922674852,0.9517,-0.1118,0.8942
"T813",20.1333333333333,2025-11-10,"2025-11",411,383,24,4,0.9319,-0.0706,0.0458,0.033594338312678,0.9542,-0.1161,0.8904
"T814",32.2666666666667,2025-07-17,"2025-07",299,289,10,0,0.9666,-0.034,0.0163,0.0217303764177996,0.9837,-0.0644,0.9376
"T814",16.4833333333333,2025-08-29,"2025-08",280,270,8,2,0.9643,-0.0364,0.0284,0.0151583625054342,0.9716,-0.0703,0.9321
"T814",16.4833333333333,2025-09-15,"2025-09",255,245,9,1,0.9608,-0.04,0.0143,0.0419354418866892,0.9857,-0.071,0.9315
"T814",32.2666666666667,2025-10-29,"2025-10",195,188,5,2,0.9641,-0.0366,0.0224,0.0127111029600715,0.9776,-0.0689,0.9334
"T814",32.6166666666667,2025-11-25,"2025-11",295,284,11,0,0.9627,-0.038,0.0158,0.0804764907700793,0.9842,-0.0686,0.9337
"T815",66.4666666666667,2025-07-18,"2025-07",943,864,56,23,0.9162,-0.0875,0.0906,0.0993068418182193,0.9094,-0.1592,0.8528
"T815",65.5333333333333,2025-08-27,"2025-08",773,701,55,17,0.9069,-0.0978,0.0555,0.095376668006384,0.9445,-0.1517,0.8592
"T815",30.8666666666667,2025-09-27,"2025-09",115,103,11,1,0.8957,-0.1102,0.0324,0.034466593519531,0.9676,-0.1568,0.8549
"T815",35.6833333333333,2025-10-06,"2025-10",354,330,15,9,0.9322,-0.0702,0.0876,0.216501787557019,0.9124,-0.1371,0.8719
"T815",61.5666666666667,2025-11-25,"2025-11",733,664,49,20,0.9059,-0.0989,0.0542,0.112310644790836,0.9458,-0.1525,0.8586
"T816",19.9,2025-07-21,"2025-07",309,277,22,10,0.8964,-0.1093,0.0871,0.0734237018952327,0.9129,-0.1817,0.8339
"T816",37.8833333333333,2025-08-21,"2025-08",366,333,27,6,0.9098,-0.0945,0.1454,0.10463310345422,0.8546,-0.2106,0.8101
"T816",19.9,2025-09-27,"2025-09",46,40,6,0,0.8696,-0.1398,0.0326,0.103481747235295,0.9674,-0.1911,0.826
"T816",39.8,2025-10-29,"2025-10",345,307,31,7,0.8899,-0.1167,0.0677,0.0498897405824546,0.9323,-0.1795,0.8357
"T816",19.9,2025-11-10,"2025-11",301,270,22,9,0.897,-0.1087,0.1025,0.0486383997817911,0.8975,-0.1915,0.8257
"T817",55.6333333333333,2025-07-31,"2025-07",414,377,35,2,0.9106,-0.0936,0.0794,0.0408443306314272,0.9206,-0.1589,0.8531
"T817",59.1166666666667,2025-08-01,"2025-08",294,264,26,4,0.898,-0.1076,0.0824,0.0765807129765713,0.9176,-0.1774,0.8374
"T817",59.7,2025-09-24,"2025-09",419,378,36,5,0.9021,-0.103,0.1166,0.0708887860093827,0.8834,-0.1957,0.8223
"T817",32.4833333333333,2025-10-21,"2025-10",340,308,31,1,0.9059,-0.0988,0.1258,0.0586977908115275,0.8742,-0.198,0.8204
"T817",55.6333333333333,2025-11-14,"2025-11",319,286,27,6,0.8966,-0.1092,0.1251,0.0597871120448769,0.8749,-0.2096,0.8109
"T818",29.3666666666667,2025-07-07,"2025-07",407,367,30,10,0.9017,-0.1035,0.1057,0.140455165865245,0.8943,-0.1879,0.8287
"T818",58.7333333333333,2025-08-26,"2025-08",523,470,39,14,0.8987,-0.1068,0.0778,0.0756996165014166,0.9222,-0.1734,0.8408
"T818",29.3666666666667,2025-09-05,"2025-09",72,64,8,0,0.8889,-0.1178,0.0436,0.128906157235364,0.9564,-0.17,0.8437
"T818",57.1666666666667,2025-10-15,"2025-10",443,398,36,9,0.8984,-0.1071,0.0495,0.0796672256712498,0.9505,-0.1599,0.8522
"T818",58.7333333333333,2025-11-13,"2025-11",539,487,42,10,0.9035,-0.1015,0.0804,0.0360652533610954,0.9196,-0.169,0.8445
"T819",61.8666666666667,2025-07-30,"2025-07",178,141,28,9,0.7921,-0.233,3.7448,2.29868829077545,0,NA,0
"T819",28.0833333333333,2025-08-30,"2025-08",30,22,6,2,0.7333,-0.3102,3.3634,2.76974217730432,0,NA,0
"T819",34.1666666666667,2025-09-30,"2025-09",82,63,12,7,0.7683,-0.2636,5.317,4.95345865973968,0,NA,0
"T819",36.55,2025-10-31,"2025-10",78,61,9,8,0.7821,-0.2458,2.4662,3.22736058525563,0,NA,0
"T819",51.5666666666667,2025-11-25,"2025-11",173,129,32,12,0.7457,-0.2935,0.4669,4.68218748095019,0.5331,-1.0225,0.3597
"T820",36.9,2025-07-03,"2025-07",130,87,30,13,0.6692,-0.4016,0.3255,0.71764035824999,0.6745,-0.8225,0.4393
"T820",20.95,2025-08-14,"2025-08",90,64,18,8,0.7111,-0.3409,0.4245,1.37096017371038,0.5755,-0.9688,0.3795
"T820",41.9,2025-09-19,"2025-09",138,89,38,11,0.6449,-0.4386,0.6251,2.13200542528863,0.3749,-1.6821,0.186
"T820",20.95,2025-10-29,"2025-10",102,70,22,10,0.6863,-0.3765,0.6322,1.27019237683379,0.3678,-1.6352,0.1949
"T820",37.4666666666667,2025-11-13,"2025-11",114,77,26,11,0.6754,-0.3924,0.7495,1.15651220306287,0.2505,-2.1102,0.1212
"T821",41.35,2025-07-07,"2025-07",279,245,31,3,0.8781,-0.13,0.0812,0.144556611173589,0.9188,-0.2026,0.8166
"T821",57.75,2025-08-21,"2025-08",385,336,45,4,0.8727,-0.1361,0.0739,0.113970698615289,0.9261,-0.2053,0.8144
"T821",40.6333333333333,2025-09-08,"2025-09",280,245,33,2,0.875,-0.1335,0.0774,0.0731078031563864,0.9226,-0.2042,0.8153
"T821",71.6333333333334,2025-10-14,"2025-10",373,331,38,4,0.8874,-0.1195,0.091,0.193141639478474,0.909,-0.196,0.822
"T821",64.3,2025-11-18,"2025-11",364,317,40,7,0.8709,-0.1383,0.0685,0.158919692645456,0.9315,-0.2046,0.815
"T852",41.35,2025-07-19,"2025-07",128,110,17,1,0.8594,-0.1515,0.0771,0.282223137962038,0.9229,-0.2247,0.7988
"T852",41.35,2025-08-23,"2025-08",170,152,17,1,0.8941,-0.1119,0.0449,0.181681721869698,0.9551,-0.1634,0.8493
"T852",79.9833333333333,2025-09-19,"2025-09",1199,1084,97,18,0.9041,-0.1008,0.0476,0.308383084626991,0.9524,-0.1515,0.8594
"T852",81.5666666666667,2025-10-09,"2025-10",1223,1120,91,12,0.9158,-0.088,0.0944,0.275859706038023,0.9056,-0.1623,0.8502
"T852",79.05,2025-11-07,"2025-11",1133,1025,85,23,0.9047,-0.1002,0.0437,0.123528833611159,0.9563,-0.1497,0.861
