"route_short_name","route_long_name","route_id","total_schedule_duration","month","n","n_on_time","n_early","n_late","otp","log_x1","mae_ratio","sd_mae_ratio","1 - normalised mae ratio","log_I_hat","I_hat"
"PJ01","Terminal Taman Medan ~ Stesen LRT Taman Jaya","P0010",62.5,"2025-04",998,827,127,44,0.8287,-0.1879,0.1582,0.105458295525948,0.8418,-0.3237,0.7235
"PJ01","Terminal Taman Medan ~ Stesen LRT Taman Jaya","P0010",62.5,"2025-05",1038,854,139,45,0.8227,-0.1951,0.1485,0.105279492952634,0.8515,-0.3233,0.7238
"PJ01","Terminal Taman Medan ~ Stesen LRT Taman Jaya","P0010",62.5,"2025-06",1178,960,180,38,0.8149,-0.2046,0.1158,0.0340949873407324,0.8842,-0.3102,0.7333
"PJ02","Stesen LRT Taman Jaya ~ PPUM via SS2 PJ","P0020",36.35,"2025-04",459,392,63,4,0.854,-0.1578,0.0496,0.0455794826440059,0.9504,-0.2334,0.7918
"PJ02","Stesen LRT Taman Jaya ~ PPUM via SS2 PJ","P0020",36.35,"2025-05",687,600,78,9,0.8734,-0.1354,0.0445,0.00889503436551182,0.9555,-0.2092,0.8112
"PJ02","Stesen LRT Taman Jaya ~ PPUM via SS2 PJ","P0020",36.35,"2025-06",598,522,66,10,0.8729,-0.1359,0.0437,0.0124542279615256,0.9563,-0.2094,0.8111
"PJ03","Stesen LRT Taman Bahagia ~ SS6 Kelana Park View","P0030",39.2666666666667,"2025-04",315,205,110,0,0.6508,-0.4296,0.0917,0.00873486173467042,0.9083,-0.5274,0.5901
"PJ03","Stesen LRT Taman Bahagia ~ SS6 Kelana Park View","P0030",39.2666666666667,"2025-05",420,283,137,0,0.6738,-0.3948,0.0778,0.00630623068516729,0.9222,-0.4857,0.6153
"PJ03","Stesen LRT Taman Bahagia ~ SS6 Kelana Park View","P0030",39.2666666666667,"2025-06",425,287,138,0,0.6753,-0.3926,0.0796,0.00919803367733625,0.9204,-0.4842,0.6162
"PJ04","Stesen LRT Taman Bahagia ~ Kg Tunku via SS3","P0040",34.3,"2025-04",575,567,5,3,0.9861,-0.014,0.0037,0.0082357640522182,0.9963,-0.08,0.9231
"PJ04","Stesen LRT Taman Bahagia ~ Kg Tunku via SS3","P0040",34.3,"2025-05",518,510,5,3,0.9846,-0.0156,0.0048,0.0126060591491841,0.9952,-0.0819,0.9214
"PJ04","Stesen LRT Taman Bahagia ~ Kg Tunku via SS3","P0040",34.3,"2025-06",538,528,3,7,0.9814,-0.0188,0.0235,0.0165836316359021,0.9765,-0.0861,0.9175
"PJ05","Bandar Utama ~ Stesen LRT Taman Bahagia","P0050",25.2166666666667,"2025-04",101,94,2,5,0.9307,-0.0718,0.1684,1.44816184023879,0.8316,-0.2133,0.8079
"PJ05","Bandar Utama ~ Stesen LRT Taman Bahagia","P0050",27.1,"2025-05",357,330,3,24,0.9244,-0.0786,0.1793,0.127589414636453,0.8207,-0.2308,0.7939
"PJ05","Bandar Utama ~ Stesen LRT Taman Bahagia","P0050",27.1,"2025-06",486,449,3,34,0.9239,-0.0792,0.1875,0.0674879319277332,0.8125,-0.2392,0.7873
"PJ06","Bandar Utama ~ Damansara Damai","P0060",34.5166666666667,"2025-04",307,294,0,13,0.9577,-0.0433,0.1078,2.22063473341252,0.8922,-0.1399,0.8694
"PJ06","Bandar Utama ~ Damansara Damai","P0060",34.3166666666667,"2025-05",192,185,0,7,0.9635,-0.0371,0.0471,0.0366113171772684,0.9529,-0.1088,0.8969
"PJ06","Bandar Utama ~ Damansara Damai","P0060",34.5166666666667,"2025-06",333,324,0,9,0.973,-0.0274,0.0662,0.0427715580318345,0.9338,-0.1045,0.9008
"P101","Kompleks F ~ Presint 5","P1010",43.5,"2025-04",123,108,4,11,0.878,-0.1301,18.2263,6.4316059996892,0,NA,0
"P101","Kompleks F ~ Presint 5","P1010",43.2666666666667,"2025-05",78,69,3,6,0.8846,-0.1226,17.5089,7.33780241490474,0,NA,0
"P101","Kompleks F ~ Presint 5","P1010",42.0833333333333,"2025-06",100,91,4,5,0.91,-0.0943,9.1022,5.73339187960731,0,NA,0
"P102","Presint 11 ~ Kompleks E","P1020",49.8833333333333,"2025-04",149,96,50,3,0.6443,-0.4396,0.0908,0.389759513155533,0.9092,-0.5374,0.5843
"P102","Presint 11 ~ Kompleks E","P1020",52.6833333333333,"2025-05",319,215,102,2,0.674,-0.3946,0.1081,0.237625645998835,0.8919,-0.5007,0.6061
"P102","Presint 11 ~ Kompleks E","P1020",51.8333333333333,"2025-06",161,110,51,0,0.6832,-0.3809,0.0804,0.0966100283279609,0.9196,-0.4727,0.6233
"P103","Presint 14 via Alamanda ~ Kompleks E","P1030",40.65,"2025-04",105,78,21,6,0.7429,-0.2973,11.7011,3.43791685185749,0,NA,0
"P103","Presint 14 via Alamanda ~ Kompleks E","P1030",44.4833333333333,"2025-05",259,189,55,15,0.7297,-0.3151,7.9061,3.42994415517751,0,NA,0
"P103","Presint 14 via Alamanda ~ Kompleks E","P1030",45.8666666666667,"2025-06",302,233,57,12,0.7715,-0.2594,5.2806,5.84623215600542,0,NA,0
"P104","Dataran Gemilang ~ PICC via Presint 5","P1040",13,"2025-04",92,84,0,8,0.913,-0.091,14.9441,10.1317496212131,0,NA,0
"P104","Dataran Gemilang ~ PICC via Presint 5","P1040",13.2666666666667,"2025-05",98,90,0,8,0.9184,-0.0852,2.4323,11.3197713743135,0,NA,0
"P104","Dataran Gemilang ~ PICC via Presint 5","P1040",13.2666666666667,"2025-06",135,124,0,11,0.9185,-0.085,10.8441,13.4709190502607,0,NA,0
"P105","Dataran Gemilang ~ Kompleks ABCDE","P1050",43.8,"2025-04",267,233,11,23,0.8727,-0.1362,12.7595,18.2243835330503,0,NA,0
"P105","Dataran Gemilang ~ Kompleks ABCDE","P1050",43.25,"2025-05",194,177,6,11,0.9124,-0.0917,28.9257,11.6517144477774,0,NA,0
"P105","Dataran Gemilang ~ Kompleks ABCDE","P1050",42.8666666666667,"2025-06",220,200,10,10,0.9091,-0.0953,16.4385,11.6838660243045,0,NA,0
"P106","Presint 4 ~ Kompleks E","P1060",42.85,"2025-04",100,97,2,1,0.97,-0.0305,0.3352,2.68347698807421,0.6648,-0.3974,0.6721
"P106","Presint 4 ~ Kompleks E","P1060",44.1,"2025-05",311,304,2,5,0.9775,-0.0228,42.0174,26.3712670981058,0,NA,0
"P106","Presint 4 ~ Kompleks E","P1060",45.0333333333333,"2025-06",348,340,6,2,0.977,-0.0233,27.0544,17.4115060740419,0,NA,0
"P108","Terminal Putrajaya Sentral ~ Kompleks ABCDE","P1080",32.1,"2025-04",34,29,4,1,0.8529,-0.1591,0.0922,0.392202801888926,0.9078,-0.2503,0.7786
"P108","Terminal Putrajaya Sentral ~ Kompleks ABCDE","P1080",37.5,"2025-05",210,190,18,2,0.9048,-0.1001,0.0947,0.735181684161999,0.9053,-0.1908,0.8263
"P108","Terminal Putrajaya Sentral ~ Kompleks ABCDE","P1080",37.5,"2025-06",166,151,15,0,0.9096,-0.0947,0.0747,0.0153854686980548,0.9253,-0.1766,0.8381
"DS01(AM)","Stesen LRT Ampang ~ KLCC via AKLEH","R0200",15.3,"2025-04",8,5,1,2,0.625,-0.47,4.8764,3.53811602137554,0,NA,0
"DS01(AM)","Stesen LRT Ampang ~ KLCC via AKLEH","R0200",12.0166666666667,"2025-05",8,6,1,1,0.75,-0.2877,0.1706,2.94141768228118,0.8294,-0.4371,0.6459
"DS01(AM)","Stesen LRT Ampang ~ KLCC via AKLEH","R0200",12.0166666666667,"2025-06",6,4,1,1,0.6667,-0.4055,0.043,2.77933718404676,0.957,-0.4861,0.615
"KJ01","Hentian Kajang ~ Bandar Kajang via Seksyen 7 Bangi","S0030",76.8,"2025-04",322,258,52,12,0.8012,-0.2216,0.228,0.15085125060643,0.772,-0.4307,0.6501
"KJ01","Hentian Kajang ~ Bandar Kajang via Seksyen 7 Bangi","S0030",77.6333333333333,"2025-05",323,271,46,6,0.839,-0.1755,0.2066,0.0862069465667566,0.7934,-0.3584,0.6988
"KJ01","Hentian Kajang ~ Bandar Kajang via Seksyen 7 Bangi","S0030",77.6333333333333,"2025-06",621,492,112,17,0.7923,-0.2329,0.1427,0.597675066895245,0.8573,-0.3573,0.6996
"AJ01","Ukay Perdana ~ Taman Melawati via Sg. Sering","S0040",65,"2025-04",282,137,142,3,0.4858,-0.7219,0.6469,2.04851571194737,0.3531,-1.9386,0.1439
"AJ01","Ukay Perdana ~ Taman Melawati via Sg. Sering","S0040",65,"2025-05",303,119,176,8,0.3927,-0.9346,3.6469,4.83058175261813,0,NA,0
"AJ01","Ukay Perdana ~ Taman Melawati via Sg. Sering","S0040",65,"2025-06",312,136,169,7,0.4359,-0.8303,5.2845,3.05783539143345,0,NA,0
"BTG1","Hentian Banting ~ Mitsui Outlet , KLIA 2","S0060",28.45,"2025-04",21,19,1,1,0.9048,-0.1001,0.0715,5.9698990791741,0.9285,-0.1812,0.8343
"BTG1","Hentian Banting ~ Mitsui Outlet , KLIA 2","S0060",47.25,"2025-05",62,58,1,3,0.9355,-0.0667,0.1392,23.0422448020942,0.8608,-0.1841,0.8319
"BTG1","Hentian Banting ~ Mitsui Outlet , KLIA 2","S0060",57.5333333333333,"2025-06",64,61,1,2,0.9531,-0.048,0.1056,0.159586375975704,0.8944,-0.1431,0.8667
"MPS1","Selayang Mutiara ~ Stesen LRT Gombak","S0070",135.033333333333,"2025-04",58,46,9,3,0.7931,-0.2318,0.3476,4.44121574093897,0.6524,-0.6273,0.534
"MPS1","Selayang Mutiara ~ Stesen LRT Gombak","S0070",207,"2025-05",161,135,23,3,0.8385,-0.1761,0.3561,23.4229551431652,0.6439,-0.5861,0.5565
"MPS1","Selayang Mutiara ~ Stesen LRT Gombak","S0070",198.866666666667,"2025-06",125,100,21,4,0.8,-0.2231,0.3188,0.0759820283117898,0.6812,-0.5661,0.5677
"PBD1","Stesen MRT Semantan  ~ Damanlela Open CarPark","S0100",4.56666666666667,"2025-04",6,2,3,1,0.3333,-1.0986,0.309,0.0903810520597574,0.691,-1.4482,0.235
"PBD1","Stesen MRT Semantan  ~ Damanlela Open CarPark","S0100",4.56666666666667,"2025-05",6,3,2,1,0.5,-0.6931,0.2275,0.106624263825659,0.7725,-0.9141,0.4009
"PBD1","Stesen MRT Semantan  ~ Damanlela Open CarPark","S0100",4.56666666666667,"2025-06",6,3,2,1,0.5,-0.6931,0.2275,0.0885812799736192,0.7725,-0.9141,0.4009
"AJ2A","Sri Nilam ~ Taman Cahaya","S1030",22.05,"2025-04",281,253,22,6,0.9004,-0.105,0.0534,0.143610063316309,0.9466,-0.18,0.8353
"AJ2A","Sri Nilam ~ Taman Cahaya","S1030",22.05,"2025-05",145,138,7,0,0.9517,-0.0495,0.0037,0.448924385615217,0.9963,-0.1161,0.8904
"AJ2A","Sri Nilam ~ Taman Cahaya","S1030",22.05,"2025-06",116,109,6,1,0.9397,-0.0622,0.0209,0.0502362353111307,0.9791,-0.1304,0.8777
"AJ2B","Sri Nilam ~ AEON Big Ampang","S1040",28.5666666666667,"2025-04",98,78,18,2,0.7959,-0.2283,0.0484,0.07127715723047,0.9516,-0.3055,0.7368
"AJ2B","Sri Nilam ~ AEON Big Ampang","S1040",30.2166666666667,"2025-05",196,160,30,6,0.8163,-0.2029,0.121,0.145673416180915,0.879,-0.3116,0.7323
"AJ2B","Sri Nilam ~ AEON Big Ampang","S1040",31.1833333333333,"2025-06",406,326,67,13,0.803,-0.2195,0.0897,0.139426298262052,0.9103,-0.3113,0.7325
"AJ03","Stesen LRT Cempaka ~ Bukit Teratai","S1050",60,"2025-04",429,158,269,2,0.3683,-0.9989,0.2409,0.367408170191967,0.7591,-1.2446,0.2881
"AJ03","Stesen LRT Cempaka ~ Bukit Teratai","S1050",60,"2025-05",498,194,301,3,0.3896,-0.9427,0.3038,0.0281027562543411,0.6962,-1.2795,0.2782
"AJ03","Stesen LRT Cempaka ~ Bukit Teratai","S1050",60,"2025-06",430,161,269,0,0.3744,-0.9824,0.2183,0.0884927535251932,0.7817,-1.1997,0.3013
"KJ02","Stesen KTM Bangi ~ Bandar Bukit Mahkota","S1060",58.2166666666667,"2025-04",80,57,17,6,0.7125,-0.339,0.4847,0.614215395986348,0.5153,-1.0465,0.3512
"KJ02","Stesen KTM Bangi ~ Bandar Bukit Mahkota","S1060",59.2833333333333,"2025-05",87,69,13,5,0.7931,-0.2318,0.4849,0.656645842647821,0.5151,-0.937,0.3918
"KJ02","Stesen KTM Bangi ~ Bandar Bukit Mahkota","S1060",59.2833333333333,"2025-06",62,37,11,14,0.5968,-0.5162,2.7938,1.01003898833576,0,NA,0
"KJ03","Stesen MRT BTHO ~ Taman Tun Perak","S1070",55.8333333333333,"2025-04",153,62,85,6,0.4052,-0.9033,0.5783,1.10709931816694,0.4217,-1.896,0.1502
"KJ03","Stesen MRT BTHO ~ Taman Tun Perak","S1070",55.8333333333333,"2025-05",352,149,198,5,0.4233,-0.8597,0.463,0.711509025177538,0.537,-1.5252,0.2176
"KJ03","Stesen MRT BTHO ~ Taman Tun Perak","S1070",55.8333333333333,"2025-06",293,104,181,8,0.3549,-1.0358,0.4011,0.968423288931094,0.5989,-1.5608,0.21
"SJ04","KTM Serdang ~ Hospital Serdang","S1080",105,"2025-04",206,65,132,9,0.3155,-1.1535,0.6703,0.303846609954682,0.3297,-2.4654,0.085
"AJ04","Pandan Perdana ~ Hospital Ampang","S1140",64.9,"2025-04",227,199,22,6,0.8767,-0.1316,0.0621,0.86587456652357,0.9379,-0.2101,0.8105
"AJ04","Pandan Perdana ~ Hospital Ampang","S1140",69.4166666666667,"2025-05",575,523,44,8,0.9096,-0.0948,0.1025,0.222183938540693,0.8975,-0.1896,0.8273
"AJ04","Pandan Perdana ~ Hospital Ampang","S1140",68.25,"2025-06",639,602,24,13,0.9421,-0.0596,0.2132,0.685984581212847,0.7868,-0.247,0.7811
"KJ04","Hentian Kajang ~ Bandar Baru Bangi","S1170",52.2833333333333,"2025-04",65,57,7,1,0.8769,-0.1313,0.2014,4.30673914140245,0.7986,-0.3071,0.7356
"KJ04","Hentian Kajang ~ Bandar Baru Bangi","S1170",37.9,"2025-05",19,16,3,0,0.8421,-0.1719,0.0598,0.164442558697896,0.9402,-0.2507,0.7783
"KJ04","Hentian Kajang ~ Bandar Baru Bangi","S1170",53.3166666666666,"2025-06",81,72,7,2,0.8889,-0.1178,0.0518,0.0658476293097503,0.9482,-0.1926,0.8248
"MPS2A","Lotus Rawang ~ Rawang Perdana","S1190",115.666666666667,"2025-04",161,90,62,9,0.559,-0.5816,17.5732,10.6823697172936,0,NA,0
"MPS2A","Lotus Rawang ~ Rawang Perdana","S1190",115.666666666667,"2025-05",310,177,120,13,0.571,-0.5604,5.5628,5.35419782159076,0,NA,0
"MPS2A","Lotus Rawang ~ Rawang Perdana","S1190",108.45,"2025-06",74,45,27,2,0.6081,-0.4974,0.5062,6.24032857056445,0.4938,-1.2669,0.2817
"MPS3","Batu Arang ~ Stesen MRT Sungai Buloh","S1390",81.2833333333334,"2025-04",185,138,36,11,0.7459,-0.2931,0.4934,0.226137841865994,0.5066,-1.0228,0.3596
"MPS3","Batu Arang ~ Stesen MRT Sungai Buloh","S1390",130.083333333333,"2025-05",219,164,43,12,0.7489,-0.2892,0.5144,0.150397048447828,0.4856,-1.0761,0.3409
"MPS3","Batu Arang ~ Stesen MRT Sungai Buloh","S1390",72.8666666666667,"2025-06",133,101,23,9,0.7594,-0.2752,0.4315,0.113021064213191,0.5685,-0.8488,0.4279
"MPS4","Wangsa Permai ~ Bandar Baru Selayang","S1490",121.633333333333,"2025-04",39,13,24,2,0.3333,-1.0986,0.4587,0.164097923057083,0.5413,-1.7596,0.1721
"MPS4","Wangsa Permai ~ Bandar Baru Selayang","S1490",118.583333333333,"2025-05",110,53,51,6,0.4818,-0.7302,0.445,0.124814109779303,0.555,-1.3478,0.2598
"MPS4","Wangsa Permai ~ Bandar Baru Selayang","S1490",115.133333333333,"2025-06",84,34,43,7,0.4048,-0.9045,0.3552,0.0887230898169505,0.6448,-1.3318,0.264
"SJ01","BRT USJ 7 ~ Stesen LRT Subang Jaya","S2000",43.4666666666667,"2025-04",356,250,86,20,0.7022,-0.3535,0.2917,0.193023743419843,0.7083,-0.6554,0.5192
"SJ02","Stesen LRT Pusat Bandar Puchong ~ Stesen LRT SS18","S2020",69.4166666666667,"2025-04",257,116,126,15,0.4514,-0.7955,0.3415,0.295568483402667,0.6585,-1.1942,0.3029
"SJ03","SMK Bandar Puchong Jaya ~ Stesen LRT Kinrara BK5","S2030",56.3833333333333,"2025-04",536,407,106,23,0.7593,-0.2753,0.722,0.585453220855026,0.278,-1.7601,0.172
"SJ05","Putra Permai~Taman Serdang Jaya","S2040",60.6666666666667,"2025-04",41,34,5,2,0.8293,-0.1872,0.134,3.74853811500382,0.866,-0.3043,0.7376
"BTG2","Hentian Banting ~ Bandar Baru Banting","S2060",32.8,"2025-04",95,86,7,2,0.9053,-0.0995,0.0625,0.101131949640533,0.9375,-0.1774,0.8374
"BTG2","Hentian Banting ~ Bandar Baru Banting","S2060",35.2166666666667,"2025-05",109,97,11,1,0.8899,-0.1166,0.0195,0.00849156801025154,0.9805,-0.186,0.8303
"BTG2","Hentian Banting ~ Bandar Baru Banting","S2060",34.7,"2025-06",67,60,6,1,0.8955,-0.1103,0.0056,0.0723846663767306,0.9944,-0.1788,0.8363
"KLG3A","Taman Sri Andalas ~ Bandar Klang","S3020",16.3166666666667,"2025-04",18,15,0,3,0.8333,-0.1823,19.808,7.17268840790238,0,NA,0
"KLG3A","Taman Sri Andalas ~ Bandar Klang","S3020",27.4833333333333,"2025-05",40,36,2,2,0.9,-0.1054,11.6111,6.55984718299,0,NA,0
"KLG3A","Taman Sri Andalas ~ Bandar Klang","S3020",28.2,"2025-06",101,91,1,9,0.901,-0.1043,16.3414,8.50334859798324,0,NA,0
"KLG3B","Bandar Putera ~ Bandar Klang via Jalan Raja Nong","S3030",31.35,"2025-04",28,26,1,1,0.9286,-0.0741,0.0064,0.500646653077892,0.9936,-0.1419,0.8677
"KLG3B","Bandar Putera ~ Bandar Klang via Jalan Raja Nong","S3030",34.5,"2025-05",53,51,1,1,0.9623,-0.0385,0.0909,0.473668023103852,0.9091,-0.1258,0.8818
"KLG3B","Bandar Putera ~ Bandar Klang via Jalan Raja Nong","S3030",35.75,"2025-06",136,128,0,8,0.9412,-0.0606,0.0823,0.0884925030058213,0.9177,-0.1448,0.8652
"KLG3C","Bandar Putera ~ Bandar Klang via Jalan Kebun","S3040",67.45,"2025-04",59,55,3,1,0.9322,-0.0702,0.1789,220.621485474317,0.8211,-0.2216,0.8012
"KLG3C","Bandar Putera ~ Bandar Klang via Jalan Kebun","S3040",50.0333333333333,"2025-05",50,49,0,1,0.98,-0.0202,0.4147,80.1476475917651,0.5853,-0.5483,0.5779
"KLG3C","Bandar Putera ~ Bandar Klang via Jalan Kebun","S3040",46,"2025-06",41,39,1,1,0.9512,-0.05,0.3591,54.9798231852464,0.6409,-0.4627,0.6296
"SA02","Hentian Bandar Seksyen 14 ~ Stesen KTM Batu 3","S4020",27.6833333333333,"2025-04",137,121,0,16,0.8832,-0.1242,110.1115,46.1575623958363,0,NA,0
"SA02","Hentian Bandar Seksyen 14 ~ Stesen KTM Batu 3","S4020",27.0333333333333,"2025-05",227,201,1,25,0.8855,-0.1216,113.0602,40.540240979003,0,NA,0
"SA02","Hentian Bandar Seksyen 14 ~ Stesen KTM Batu 3","S4020",26.5,"2025-06",232,206,0,26,0.8879,-0.1189,128.9636,46.6536810864846,0,NA,0
"SA03","KTM Sekyen 19 ~ Terminal 17 ~ Seksyen 24 ~ Seksyen 20","S4030",36.3333333333333,"2025-04",356,314,39,3,0.882,-0.1255,0.0384,0.0505102563842236,0.9616,-0.1978,0.8205
"SA03","KTM Sekyen 19 ~ Terminal 17 ~ Seksyen 24 ~ Seksyen 20","S4030",50.95,"2025-05",358,319,39,0,0.8911,-0.1153,0.0391,0.0474415448928277,0.9609,-0.1873,0.8292
"SA03","KTM Sekyen 19 ~ Terminal 17 ~ Seksyen 24 ~ Seksyen 20","S4030",36.3333333333333,"2025-06",427,379,47,1,0.8876,-0.1192,0.0428,0.215784692698396,0.9572,-0.192,0.8253
"SA04","Terminal Seksyen 17 ~ Hospital Shah Alam","S4040",55.1666666666667,"2025-04",108,98,5,5,0.9074,-0.0972,38.9791,19.7263650406711,0,NA,0
"SA04","Terminal Seksyen 17 ~ Hospital Shah Alam","S4040",59.05,"2025-05",232,214,9,9,0.9224,-0.0808,20.4564,12.0663055954475,0,NA,0
"SA04","Terminal Seksyen 17 ~ Hospital Shah Alam","S4040",61.2666666666667,"2025-06",476,430,22,24,0.9034,-0.1016,26.7344,13.2879815101124,0,NA,0
"SA05","Stesen Bas Seksyen 13 ~ Bukit Jelutong","S4050",46.6666666666667,"2025-04",39,37,0,2,0.9487,-0.0526,0.0682,1.83454406408702,0.9318,-0.1308,0.8774
"SA05","Stesen Bas Seksyen 13 ~ Bukit Jelutong","S4050",47.55,"2025-05",70,65,0,5,0.9286,-0.0741,0.1874,0.973622512749851,0.8126,-0.2342,0.7912
"SA05","Stesen Bas Seksyen 13 ~ Bukit Jelutong","S4050",47.55,"2025-06",41,40,0,1,0.9756,-0.0247,0.0638,0.737086874895258,0.9362,-0.1009,0.904
"SA06","Terminal Seksyen 19 ~ Kota Kemuning","S4060",64.7,"2025-04",395,331,48,16,0.838,-0.1768,0.175,0.100728160813907,0.825,-0.3273,0.7209
"SA06","Terminal Seksyen 19 ~ Kota Kemuning","S4060",64.6,"2025-05",510,440,57,13,0.8627,-0.1476,0.1351,0.149172047101203,0.8649,-0.2642,0.7678
"SA06","Terminal Seksyen 19 ~ Kota Kemuning","S4060",65.7333333333333,"2025-06",634,540,82,12,0.8517,-0.1605,0.1165,0.0380036027703876,0.8835,-0.2649,0.7673
"SA08","Stesen LRT Alam Megah ~ Kota Kemuning","S4080",54.9833333333333,"2025-04",600,568,5,27,0.9467,-0.0548,0.1767,0.126731338252376,0.8233,-0.2039,0.8155
"SA08","Stesen LRT Alam Megah ~ Kota Kemuning","S4080",54.1666666666667,"2025-05",515,480,16,19,0.932,-0.0704,0.1076,3.18894660139449,0.8924,-0.1675,0.8458
"SA08","Stesen LRT Alam Megah ~ Kota Kemuning","S4080",54.0666666666667,"2025-06",517,487,16,14,0.942,-0.0598,0.1168,0.0443601909837824,0.8832,-0.1619,0.8505
"SA10","Bukit Subang~Kg Melayu Subang ~Pekan Subang~Bukit Jelutung","S4100",43.0333333333333,"2025-04",323,294,12,17,0.9102,-0.0941,0.6497,0.261072161525907,0.3503,-1.3041,0.2714
"SA10","Bukit Subang~Kg Melayu Subang ~Pekan Subang~Bukit Jelutung","S4100",45.8833333333333,"2025-05",385,352,12,21,0.9143,-0.0896,0.5254,0.140651269586746,0.4746,-0.9022,0.4057
"SA10","Bukit Subang~Kg Melayu Subang ~Pekan Subang~Bukit Jelutung","S4100",45.0166666666667,"2025-06",403,361,16,26,0.8958,-0.1101,0.5391,0.147908226464529,0.4609,-0.9629,0.3818
"MENARA PRASARANA","LRT Lembah Subang ~ Menara Prasarana","S5010",3,"2025-04",2,1,1,0,0.5,-0.6931,0.0556,0.0555500075007496,0.9444,-0.7846,0.4563
"MENARA PRASARANA","LRT Lembah Subang ~ Menara Prasarana","S5010",3,"2025-05",1,1,0,0,1,0,0,NA,1,-0.0657,0.9364
"MENARA PRASARANA","LRT Lembah Subang ~ Menara Prasarana","S5010",3,"2025-06",1,1,0,0,1,0,0,0.0489904951098793,1,-0.0657,0.9364
"PAVILION BUKIT JALIL (PAVBJ)","Stesen LRT Awan Besar ~ Pavilion Bukit Jalil","S6060",12.7166666666667,"2025-04",30,0,30,0,0,-Inf,0.3712,0.027663327968372,0.6288,NA,0
"PAVILION BUKIT JALIL (PAVBJ)","Stesen LRT Awan Besar ~ Pavilion Bukit Jalil","S6060",12.7166666666667,"2025-05",22,0,22,0,0,-Inf,0.3284,0.0210107764557316,0.6716,NA,0
"PAVILION BUKIT JALIL (PAVBJ)","Stesen LRT Awan Besar ~ Pavilion Bukit Jalil","S6060",12.7166666666667,"2025-06",30,0,30,0,0,-Inf,0.3758,0.0234337159690401,0.6242,NA,0
"T120","Kompleks Sungai Mas ~ Taman Mastiara","T1200",28.0166666666667,"2025-04",25,19,6,0,0.76,-0.2744,0.1532,0.201194924300049,0.8468,-0.4084,0.6647
"T200","Stesen LRT Gombak ~ UIA Gombak","T2000",33.05,"2025-04",101,77,20,4,0.7624,-0.2713,0.8878,0.795749913334226,0.1122,-2.4831,0.0835
"T200","Stesen LRT Gombak ~ UIA Gombak","T2000",31.6333333333333,"2025-05",91,78,12,1,0.8571,-0.1542,0.1119,0.6300460046695,0.8881,-0.2556,0.7745
"T200","Stesen LRT Gombak ~ UIA Gombak","T2000",31.4166666666667,"2025-06",127,113,13,1,0.8898,-0.1168,0.1546,0.259787636689028,0.8454,-0.2478,0.7805
"T201","Stesen LRT Gombak ~ Hab Wira Damai","T2010",42.3833333333333,"2025-04",352,329,19,4,0.9347,-0.0676,0.1459,0.149550396028834,0.8541,-0.1903,0.8267
"T201","Stesen LRT Gombak ~ Hab Wira Damai","T2010",35.1333333333333,"2025-05",666,613,47,6,0.9204,-0.0829,0.2576,0.224202191620137,0.7424,-0.3272,0.7209
"T201","Stesen LRT Gombak ~ Hab Wira Damai","T2010",34.8333333333333,"2025-06",625,579,40,6,0.9264,-0.0764,0.2692,0.201636207248424,0.7308,-0.3367,0.7141
"T202","Stesen LRT Taman Melati ~ Taman Melewar","T2020",66.7833333333333,"2025-04",260,214,40,6,0.8231,-0.1947,0.4942,0.484022967971366,0.5058,-0.9239,0.397
"T202","Stesen LRT Taman Melati ~ Taman Melewar","T2020",62.85,"2025-05",104,93,9,2,0.8942,-0.1118,0.6048,1.03663890643432,0.3952,-1.1691,0.3106
"T202","Stesen LRT Taman Melati ~ Taman Melewar","T2020",67.5666666666667,"2025-06",300,263,31,6,0.8767,-0.1316,0.0595,1.80535880153826,0.9405,-0.2091,0.8113
"T222","Stesen LRT Sri Rampai ~ UKAY Perdana","T2220",67.3166666666667,"2025-04",327,262,50,15,0.8012,-0.2216,8.4664,7.38852030254657,0,NA,0
"T222","Stesen LRT Sri Rampai ~ UKAY Perdana","T2220",67.3166666666667,"2025-05",358,293,47,18,0.8184,-0.2004,22.7944,7.42642797798389,0,NA,0
"T222","Stesen LRT Sri Rampai ~ UKAY Perdana","T2220",67.3166666666667,"2025-06",578,470,82,26,0.8131,-0.2068,5.4553,7.10915960390703,0,NA,0
"T223","Stesen LRT Setiawangsa ~ AU3, Jentayu, Keramat","T2230",23.1666666666667,"2025-04",324,313,10,1,0.966,-0.0345,0.0072,0.0231914660001927,0.9928,-0.1012,0.9038
"T223","Stesen LRT Setiawangsa ~ AU3, Jentayu, Keramat","T2230",23.1666666666667,"2025-05",356,347,8,1,0.9747,-0.0256,0.0028,0.332455358862455,0.9972,-0.0922,0.9119
"T223","Stesen LRT Setiawangsa ~ AU3, Jentayu, Keramat","T2230",23.1666666666667,"2025-06",401,393,6,2,0.98,-0.0202,0.0184,0.00911907744946888,0.9816,-0.0871,0.9166
"T224","Stesen LRT Dato Keramat ~ Desa Pandan","T2240",29.5,"2025-04",229,183,34,12,0.7991,-0.2242,5.3869,2.68452189007386,0,NA,0
"T224","Stesen LRT Dato Keramat ~ Desa Pandan","T2240",29.5,"2025-05",263,204,47,12,0.7757,-0.254,5.7444,1.51093075420418,0,NA,0
"T224","Stesen LRT Dato Keramat ~ Desa Pandan","T2240",29.5,"2025-06",603,499,96,8,0.8275,-0.1893,1.4735,1.77103295477858,0,NA,0
"T250","Stesen LRT Wangsa Maju ~ Setapak Sentral","T2500",46.1,"2025-04",289,260,21,8,0.8997,-0.1057,0.2124,2.00498830769658,0.7876,-0.2932,0.7459
"T250","Stesen LRT Wangsa Maju ~ Setapak Sentral","T2500",46.1,"2025-05",188,169,11,8,0.8989,-0.1065,0.108,0.292920093044316,0.892,-0.2045,0.8151
"T250","Stesen LRT Wangsa Maju ~ Setapak Sentral","T2500",46.1,"2025-06",311,282,21,8,0.9068,-0.0979,0.1199,0.186505809127317,0.8801,-0.2031,0.8162
"T251","Stesen LRT Sri Rampai ~ Seksyen 10 Wangsa Maju","T2510",5.45,"2025-04",5,4,0,1,0.8,-0.2231,1.7462,2.98637463825288,0,NA,0
"T251","Stesen LRT Sri Rampai ~ Seksyen 10 Wangsa Maju","T2510",9.13333333333333,"2025-05",5,2,1,2,0.4,-0.9163,2.2828,2.26799569486903,0,NA,0
"T251","Stesen LRT Sri Rampai ~ Seksyen 10 Wangsa Maju","T2510",31.9166666666667,"2025-06",49,33,8,8,0.6735,-0.3953,2.1527,4.30846415606481,0,NA,0
"T300","Bukit Indah ~ Ampang Point via Jalan Rasmi","T3008",19.25,"2025-04",729,705,0,24,0.9671,-0.0335,15.4908,12.1746673509538,0,NA,0
"T300","Bukit Indah ~ Ampang Point via Jalan Rasmi","T3008",19.25,"2025-05",669,650,0,19,0.9716,-0.0288,15.6648,25.1414493772915,0,NA,0
"T300","Bukit Indah ~ Ampang Point via Jalan Rasmi","T3008",19.25,"2025-06",685,662,0,23,0.9664,-0.0342,28.2442,18.5587460580565,0,NA,0
"T301","Taman Mulia Jaya ~ Ampang Point via Jalan Merdeka","T3018",54,"2025-04",427,221,205,1,0.5176,-0.6586,0.1682,0.123717782915488,0.8318,-0.8156,0.4424
"T301","Taman Mulia Jaya ~ Ampang Point via Jalan Merdeka","T3018",52.7,"2025-05",161,83,76,2,0.5155,-0.6626,0.2057,0.0187338730645854,0.7943,-0.8569,0.4245
"T301","Taman Mulia Jaya ~ Ampang Point via Jalan Merdeka","T3018",54,"2025-06",517,258,257,2,0.499,-0.6951,0.1819,0.0351685949894137,0.8181,-0.8656,0.4208
"T302","Hutan Lipur Ampang ~ Ampang Point","T3028",17.6833333333333,"2025-04",217,193,20,4,0.8894,-0.1172,0.0641,0.0218239318180753,0.9359,-0.1958,0.8222
"T302","Hutan Lipur Ampang ~ Ampang Point","T3028",18.6333333333333,"2025-05",141,126,11,4,0.8936,-0.1125,0.0974,0.0310431107860138,0.9026,-0.2051,0.8146
"T302","Hutan Lipur Ampang ~ Ampang Point","T3028",18.3333333333333,"2025-06",290,258,28,4,0.8897,-0.1169,0.0347,0.030096742299771,0.9653,-0.1879,0.8287
"T303","Ampang Point ~ Stesen LRT Pandan Indah","T3030",33.9833333333333,"2025-04",69,63,5,1,0.913,-0.091,0.2413,0.172485183681798,0.7587,-0.3134,0.731
"T303","Ampang Point ~ Stesen LRT Pandan Indah","T3030",33.9833333333333,"2025-05",37,30,5,2,0.8108,-0.2097,0.1946,0.0826671034934695,0.8054,-0.3806,0.6835
"T303","Ampang Point ~ Stesen LRT Pandan Indah","T3030",33.9833333333333,"2025-06",132,112,17,3,0.8485,-0.1643,0.1198,0.0520100499338123,0.8802,-0.2712,0.7625
"T304","Bukit Indah ~ Ampang Point via Jalan Ampang","T3048",36.7333333333333,"2025-04",189,136,39,14,0.7196,-0.3291,18.3343,10.0708043759932,0,NA,0
"T304","Bukit Indah ~ Ampang Point via Jalan Ampang","T3048",38.1666666666667,"2025-05",224,160,49,15,0.7143,-0.3365,7.3465,7.07095884859652,0,NA,0
"T304","Bukit Indah ~ Ampang Point via Jalan Ampang","T3048",37.4166666666667,"2025-06",340,235,82,23,0.6912,-0.3694,18.5802,7.39003048639537,0,NA,0
"T350","Stesen LRT Cempaka ~ Taman Mawar","T3500",40.8833333333333,"2025-04",514,422,76,16,0.821,-0.1972,0.3806,0.751490189271576,0.6194,-0.6565,0.5187
"T350","Stesen LRT Cempaka ~ Taman Mawar","T3500",40.8833333333333,"2025-05",898,765,109,24,0.8519,-0.1603,0.6475,0.397403512817891,0.3525,-1.3642,0.2556
"T350","Stesen LRT Cempaka ~ Taman Mawar","T3500",38.85,"2025-06",1024,868,131,25,0.8477,-0.1653,0.1541,0.76100483572708,0.8459,-0.2973,0.7428
"T351","Stesen LRT Cempaka ~ Taman Bukit Permai","T3510",45.1333333333333,"2025-04",70,59,8,3,0.8429,-0.171,0.2996,0.72359468811391,0.7004,-0.4805,0.6185
"T351","Stesen LRT Cempaka ~ Taman Bukit Permai","T3510",53.8,"2025-05",372,330,31,11,0.8871,-0.1198,0.1647,0.305741895306244,0.8353,-0.2594,0.7715
"T351","Stesen LRT Cempaka ~ Taman Bukit Permai","T3510",53.8,"2025-06",435,385,39,11,0.8851,-0.1221,0.1719,0.0436292762947084,0.8281,-0.2684,0.7646
"T406","Cheras Batu 10 ~ Pangsun","T4068",38.4166666666667,"2025-04",29,24,5,0,0.8276,-0.1892,0.0408,0.776196347004135,0.9592,-0.2637,0.7682
"T406","Cheras Batu 10 ~ Pangsun","T4068",36.0833333333333,"2025-05",28,26,2,0,0.9286,-0.0741,0.0799,0.120656315812537,0.9201,-0.1576,0.8542
"T406","Cheras Batu 10 ~ Pangsun","T4068",33.1166666666667,"2025-06",26,22,4,0,0.8462,-0.1671,0.0523,0.332649988163234,0.9477,-0.2435,0.7839
"T450","Beranang ~ MRT Stadium Kajang","T4500",82.7,"2025-04",52,42,8,2,0.8077,-0.2136,0.1799,16.857025638743,0.8201,-0.3699,0.6908
"T450","Beranang ~ MRT Stadium Kajang","T4500",117.8,"2025-05",282,233,40,9,0.8262,-0.1909,14.5985,17.9541303996196,0,NA,0
"T450","Beranang ~ MRT Stadium Kajang","T4500",117.116666666667,"2025-06",215,176,33,6,0.8186,-0.2002,24.6597,17.07679790378,0,NA,0
"T571","Stesen KTM Serdang ~ Taman Sri Pulai","T5718",23,"2025-05",179,152,20,7,0.8492,-0.1635,0.11,0.0113036867142244,0.89,-0.264,0.768
"T571","Stesen KTM Serdang ~ Taman Sri Pulai","T5718",23.4666666666667,"2025-06",226,195,29,2,0.8628,-0.1475,0.1101,0.0133658558626515,0.8899,-0.2479,0.7804
"T580","Stesen LRT Awan Besar ~ TPM via Stesen LRT Bukit Jalil","T5800",39.8166666666667,"2025-04",369,302,36,31,0.8184,-0.2004,0.3046,0.259227461802142,0.6954,-0.5191,0.5951
"T580","Stesen LRT Awan Besar ~ TPM via Stesen LRT Bukit Jalil","T5800",39.2666666666667,"2025-05",223,185,24,14,0.8296,-0.1868,0.2049,0.0579393177855465,0.7951,-0.3681,0.692
"T580","Stesen LRT Awan Besar ~ TPM via Stesen LRT Bukit Jalil","T5800",39.8166666666667,"2025-06",366,306,37,23,0.8361,-0.179,0.2313,0.0441087259607705,0.7687,-0.3908,0.6765
"T581","Stesen LRT Alam Sutera ~ PPR Pinggiran Bukit Jalil","T5810",34.3166666666667,"2025-04",187,159,18,10,0.8503,-0.1622,0.1655,2.48341441989701,0.8345,-0.3034,0.7383
"T581","Stesen LRT Alam Sutera ~ PPR Pinggiran Bukit Jalil","T5810",34.3166666666667,"2025-05",149,129,14,6,0.8658,-0.1441,3.9549,2.78641471513615,0,NA,0
"T581","Stesen LRT Alam Sutera ~ PPR Pinggiran Bukit Jalil","T5810",34.0666666666667,"2025-06",134,116,14,4,0.8657,-0.1442,0.1546,2.68773709383716,0.8454,-0.2759,0.7589
"T600","Stesen LRT IOI Puchong ~ Taman Wawasan","T6000",33.0166666666667,"2025-04",208,158,45,5,0.7596,-0.2749,0.2065,0.0713232300366237,0.7935,-0.4604,0.631
"T600","Stesen LRT IOI Puchong ~ Taman Wawasan","T6000",33.0166666666667,"2025-05",219,162,57,0,0.7397,-0.3015,0.1332,0.00930291254490666,0.8668,-0.4208,0.6565
"T600","Stesen LRT IOI Puchong ~ Taman Wawasan","T6000",33.0166666666667,"2025-06",451,339,105,7,0.7517,-0.2855,0.1448,0.0367372957232677,0.8552,-0.4129,0.6617
"T601","Puchong Utama ~ Puchong Prima","T6010",57.4666666666667,"2025-04",100,39,60,1,0.39,-0.9416,0.4211,0.0593135322764638,0.5789,-1.5086,0.2212
"T601","Puchong Utama ~ Puchong Prima","T6010",59.0666666666667,"2025-05",210,86,124,0,0.4095,-0.8928,0.3702,0.019969740745802,0.6298,-1.3495,0.2594
"T601","Puchong Utama ~ Puchong Prima","T6010",60,"2025-06",308,127,181,0,0.4123,-0.8859,0.3766,0.0456949226488278,0.6234,-1.3552,0.2579
"T602","Puchong Utama ~ Taman Saujana Puchong","T6028",35.35,"2025-04",25,22,3,0,0.88,-0.1278,0.0443,0.0231439244315919,0.9557,-0.2011,0.8178
"T602","Puchong Utama ~ Taman Saujana Puchong","T6028",40.3666666666667,"2025-05",126,112,11,3,0.8889,-0.1178,0.0507,0.0331344478807726,0.9493,-0.1929,0.8246
"T602","Puchong Utama ~ Taman Saujana Puchong","T6028",39.2666666666667,"2025-06",126,112,13,1,0.8889,-0.1178,0.0413,0.0186590618262359,0.9587,-0.1906,0.8265
"T603","Stesen LRT Puchong Prima ~ Taman Mas Sepang","T6030",18.1833333333333,"2025-04",14,10,2,2,0.7143,-0.3365,0.4747,1.00949786659837,0.5253,-1.0179,0.3614
"T603","Stesen LRT Puchong Prima ~ Taman Mas Sepang","T6030",27.1666666666667,"2025-05",65,55,8,2,0.8462,-0.1671,0.4437,0.423548158687147,0.5563,-0.7667,0.4645
"T603","Stesen LRT Puchong Prima ~ Taman Mas Sepang","T6030",27.8333333333333,"2025-06",83,72,6,5,0.8675,-0.1422,0.76,0.683758177980989,0.24,-1.7768,0.1692
"T604","Stesen LRT Perindustrian Puchong ~ Taman Kinrara","T6040",78.5166666666667,"2025-04",328,156,172,0,0.4756,-0.7432,0.279,0.041939440466781,0.721,-1.0359,0.3549
"T604","Stesen LRT Perindustrian Puchong ~ Taman Kinrara","T6040",80,"2025-05",582,286,294,2,0.4914,-0.7105,0.2958,0.0697500016291951,0.7042,-1.0282,0.3577
"T604","Stesen LRT Perindustrian Puchong ~ Taman Kinrara","T6040",80,"2025-06",511,268,239,4,0.5245,-0.6454,0.3047,0.0517058137589052,0.6953,-0.9757,0.3769
"T605","Stesen LRT Bandar Puteri ~ Bandar Puteri","T6050",21.3166666666667,"2025-04",120,108,11,1,0.9,-0.1054,0.0114,0.174275433342358,0.9886,-0.1742,0.8401
"T605","Stesen LRT Bandar Puteri ~ Bandar Puteri","T6050",21.3166666666667,"2025-05",226,211,15,0,0.9336,-0.0687,0.0117,0.0397985769503474,0.9883,-0.1365,0.8724
"T605","Stesen LRT Bandar Puteri ~ Bandar Puteri","T6050",21.3166666666667,"2025-06",184,174,10,0,0.9457,-0.0559,0.0077,0.014334358148498,0.9923,-0.1232,0.8841
"T640","Stesen LRT Taman Jaya ~ Taman Sri Sentosa","T6400",40.05,"2025-04",406,349,44,13,0.8596,-0.1513,0.3148,0.268965658632863,0.6852,-0.4854,0.6155
"T640","Stesen LRT Taman Jaya ~ Taman Sri Sentosa","T6400",40.4,"2025-05",306,269,30,7,0.8791,-0.1289,0.1434,0.0734708439388776,0.8566,-0.2511,0.7779
"T640","Stesen LRT Taman Jaya ~ Taman Sri Sentosa","T6400",40.4,"2025-06",580,508,53,19,0.8759,-0.1325,0.1604,0.0460769856104018,0.8396,-0.2687,0.7644
"T715","UiTM Puncak Alam ~ Bandar Puncak Alam","T7158",24.5833333333333,"2025-04",65,59,5,1,0.9077,-0.0968,0.0342,0.0222130806593987,0.9658,-0.1679,0.8454
"T715","UiTM Puncak Alam ~ Bandar Puncak Alam","T7158",24.5833333333333,"2025-05",40,37,3,0,0.925,-0.078,0.0062,0.041926446416205,0.9938,-0.1459,0.8642
"T715","UiTM Puncak Alam ~ Bandar Puncak Alam","T7158",23.5333333333333,"2025-06",111,103,8,0,0.9279,-0.0748,0.0116,1.4115473004089,0.9884,-0.1425,0.8672
"T753","Hentian Bandar Shah Alam ~ Sekysen 11, 9, 8, 6, 5","T7538",27.6333333333333,"2025-04",271,241,29,1,0.8893,-0.1173,2.9194,1.88497483077803,0,NA,0
"T753","Hentian Bandar Shah Alam ~ Sekysen 11, 9, 8, 6, 5","T7538",27.6333333333333,"2025-05",327,290,36,1,0.8869,-0.1201,1.0668,2.77449475882137,0,NA,0
"T753","Hentian Bandar Shah Alam ~ Sekysen 11, 9, 8, 6, 5","T7538",27.6333333333333,"2025-06",269,240,28,1,0.8922,-0.1141,2.7864,1.73172665801744,0,NA,0
"T754","Hentian Bandar Shah Alam ~ Terminal Seksyen 17","T7548",27.7166666666667,"2025-04",147,137,2,8,0.932,-0.0705,18.532,9.8254915647877,0,NA,0
"T754","Hentian Bandar Shah Alam ~ Terminal Seksyen 17","T7548",27.3,"2025-05",160,150,7,3,0.9375,-0.0645,11.3651,13.4924831008502,0,NA,0
"T754","Hentian Bandar Shah Alam ~ Terminal Seksyen 17","T7548",27.8333333333333,"2025-06",81,68,3,10,0.8395,-0.1749,34.7732,8.59853939009924,0,NA,0
"T756","Kemuning Business Park ~ Hentian Bandar via Taman Muda","T7568",59.4166666666667,"2025-04",218,185,32,1,0.8486,-0.1641,0.0478,0.0256830737008886,0.9522,-0.2394,0.7871
"T756","Kemuning Business Park ~ Hentian Bandar via Taman Muda","T7568",58.55,"2025-05",230,195,35,0,0.8478,-0.1651,0.0374,0.0205566932254105,0.9626,-0.2384,0.7879
"T756","Kemuning Business Park ~ Hentian Bandar via Taman Muda","T7568",59.1333333333333,"2025-06",243,208,30,5,0.856,-0.1555,0.0752,0.137736732039573,0.9248,-0.2393,0.7872
"T774","Stesen LRT Glenmarie ~ MSU, Stadium Shah Alam","T7740",23.35,"2025-04",210,199,0,11,0.9476,-0.0538,0.0908,0.503037356844352,0.9092,-0.1415,0.8681
"T774","Stesen LRT Glenmarie ~ MSU, Stadium Shah Alam","T7740",23.35,"2025-05",183,176,0,7,0.9617,-0.039,0.0872,0.0283724161819187,0.9128,-0.1244,0.883
"T774","Stesen LRT Glenmarie ~ MSU, Stadium Shah Alam","T7740",22.9166666666667,"2025-06",203,196,0,7,0.9655,-0.0351,0.0649,0.0353874281847298,0.9351,-0.1121,0.894
"T776","Stesen LRT USJ 7 ~ Subang Mewah","T7760",29.1,"2025-04",176,168,1,7,0.9545,-0.0465,0.6115,1.40300402752027,0.3885,-1.1241,0.3249
"T776","Stesen LRT USJ 7 ~ Subang Mewah","T7760",29.1,"2025-05",154,150,0,4,0.974,-0.0263,0.0892,2.39223471233679,0.9108,-0.1124,0.8937
"T776","Stesen LRT USJ 7 ~ Subang Mewah","T7760",28.2333333333333,"2025-06",258,249,0,9,0.9651,-0.0355,0.0695,0.164782515313188,0.9305,-0.1138,0.8924
"T780","Stesen LRT Kelana Jaya ~ Taman Mayang","T7800",18.9,"2025-04",268,251,11,6,0.9366,-0.0655,0.1547,0.313060061938524,0.8453,-0.1951,0.8228
"T780","Stesen LRT Kelana Jaya ~ Taman Mayang","T7800",18.9,"2025-05",383,359,16,8,0.9373,-0.0647,0.0824,0.668787380807438,0.9176,-0.1487,0.8618
"T780","Stesen LRT Kelana Jaya ~ Taman Mayang","T7800",18.9,"2025-06",232,216,9,7,0.931,-0.0715,0.1209,0.136029730206305,0.8791,-0.1765,0.8382
"T781","Stesen LRT Kelana Jaya ~ Kelana Centre Point","T7810",18.4333333333333,"2025-04",143,130,11,2,0.9091,-0.0953,0.0478,0.149669805460776,0.9522,-0.1691,0.8444
"T781","Stesen LRT Kelana Jaya ~ Kelana Centre Point","T7810",18.1666666666667,"2025-05",201,186,14,1,0.9254,-0.0776,0.076,0.0250149991368815,0.924,-0.1593,0.8527
"T781","Stesen LRT Kelana Jaya ~ Kelana Centre Point","T7810",18.1666666666667,"2025-06",124,116,6,2,0.9355,-0.0667,0.0977,0.0946481514533137,0.9023,-0.1581,0.8538
"T782","Stesen LRT Lembah Subang ~ Ara Damansara","T7820",18.5166666666667,"2025-04",354,348,0,6,0.9831,-0.0171,0.0781,0.49211466995097,0.9219,-0.0983,0.9064
"T782","Stesen LRT Lembah Subang ~ Ara Damansara","T7820",18.5166666666667,"2025-05",439,432,1,6,0.9841,-0.0161,0.028,0.422958366960412,0.972,-0.0838,0.9196
"T782","Stesen LRT Lembah Subang ~ Ara Damansara","T7820",17.95,"2025-06",393,382,0,11,0.972,-0.0284,0.0796,0.655419932124795,0.9204,-0.1107,0.8952
"T786","Stesen LRT Asia Jaya ~ Stesen MRT Phileo Damansara","T7860",10.9166666666667,"2025-04",110,105,0,5,0.9545,-0.0465,0.2445,0.439845384305938,0.7555,-0.2717,0.7621
"T786","Stesen LRT Asia Jaya ~ Stesen MRT Phileo Damansara","T7860",11.5,"2025-05",275,268,0,7,0.9745,-0.0258,0.1805,0.15060528422457,0.8195,-0.1777,0.8372
"T786","Stesen LRT Asia Jaya ~ Stesen MRT Phileo Damansara","T7860",11.4,"2025-06",473,454,0,19,0.9598,-0.041,0.2009,0.257327337600323,0.7991,-0.2142,0.8072
"T787","Stesen LRT Asia Jaya ~ Seksyen 14 & 18","T7870",11.45,"2025-04",228,225,0,3,0.9868,-0.0132,0.0218,0.0262643121980777,0.9782,-0.0801,0.923
"T787","Stesen LRT Asia Jaya ~ Seksyen 14 & 18","T7870",11.45,"2025-05",275,272,0,3,0.9891,-0.011,0.0189,1.8609952150786,0.9811,-0.0774,0.9255
"T787","Stesen LRT Asia Jaya ~ Seksyen 14 & 18","T7870",11.45,"2025-06",343,338,0,5,0.9854,-0.0147,0.0293,0.0492037211648732,0.9707,-0.0826,0.9207
"T788","Stesen LRT Universiti ~ Mid Valley","T7880",11.9833333333333,"2025-04",5,3,0,2,0.6,-0.5108,0.5067,0.198883540204067,0.4933,-1.2823,0.2774
"T788","Stesen LRT Universiti ~ Mid Valley","T7880",5,"2025-05",3,0,0,3,0,-Inf,1.3578,0.711148073540244,0,NA,0
"T788","Stesen LRT Universiti ~ Mid Valley","T7880",5,"2025-06",5,2,0,3,0.4,-0.9163,0.546,0.205618156855302,0.454,-1.8107,0.1635
"T789","Stesen LRT Universiti ~ Universiti Malaya via Pantai Hillpark","T7890",9.73333333333333,"2025-04",349,341,0,8,0.9771,-0.0232,0.3307,0.544731562287684,0.6693,-0.3818,0.6826
"T789","Stesen LRT Universiti ~ Universiti Malaya via Pantai Hillpark","T7890",9.73333333333333,"2025-05",375,367,0,8,0.9787,-0.0216,0.0426,0.0910487891188016,0.9574,-0.0919,0.9122
"T789","Stesen LRT Universiti ~ Universiti Malaya via Pantai Hillpark","T7890",9.73333333333333,"2025-06",462,455,0,7,0.9848,-0.0153,0.0319,0.0839284534238398,0.9681,-0.0835,0.9199
"T790","Stesen LRT Paramount ~ Mid Valley","T7900",52.8166666666667,"2025-04",277,260,13,4,0.9386,-0.0633,0.097,0.0398366701132799,0.903,-0.1544,0.8569
"T790","Stesen LRT Paramount ~ Mid Valley","T7900",31.8833333333333,"2025-05",335,314,20,1,0.9373,-0.0647,0.1119,0.152635769666937,0.8881,-0.1642,0.8486
"T790","Stesen LRT Paramount ~ Mid Valley","T7900",30.9333333333333,"2025-06",254,234,16,4,0.9213,-0.082,0.118,0.0932432153343199,0.882,-0.1857,0.8305
"T791","Stesen LRT Kerinchi ~ Pantai Hill Park","T7910",28.9833333333333,"2025-04",466,443,10,13,0.9506,-0.0506,0.5277,0.870576240035464,0.4723,-0.869,0.4194
"T791","Stesen LRT Kerinchi ~ Pantai Hill Park","T7910",28.9833333333333,"2025-05",438,412,18,8,0.9406,-0.0612,0.7291,0.71020838888059,0.2709,-1.5684,0.2084
"T791","Stesen LRT Kerinchi ~ Pantai Hill Park","T7910",28.9833333333333,"2025-06",408,382,11,15,0.9363,-0.0658,0.2059,0.726852067591312,0.7941,-0.245,0.7827
"T850","Stesen LRT Bangsar ~ Stesen MRT Semantan","T8500",18.8666666666667,"2025-04",147,145,1,1,0.9864,-0.0137,0.0979,4.32113256791825,0.9021,-0.104,0.9012
"T850","Stesen LRT Bangsar ~ Stesen MRT Semantan","T8500",18.8666666666667,"2025-05",77,74,0,3,0.961,-0.0397,11.5653,7.78586810194657,0,NA,0
"T850","Stesen LRT Bangsar ~ Stesen MRT Semantan","T8500",18.8666666666667,"2025-06",129,126,1,2,0.9767,-0.0235,0.2126,0.715285512821937,0.7874,-0.2091,0.8113
"151","Bandar Baru Selayang ~ Hab Lebuh Pudu","U1510",94.1666666666667,"2025-04",299,213,82,4,0.7124,-0.3392,0.2111,0.395330376966381,0.7889,-0.5312,0.5879
"151","Bandar Baru Selayang ~ Hab Lebuh Pudu","U1510",89.1,"2025-05",615,445,165,5,0.7236,-0.3235,0.1971,0.287562598718641,0.8029,-0.5001,0.6065
"151","Bandar Baru Selayang ~ Hab Lebuh Pudu","U1510",88.8666666666667,"2025-06",580,414,164,2,0.7138,-0.3372,0.1419,0.298388205737977,0.8581,-0.4641,0.6287
"170","Hab Wira Damai ~ Stesen MRT Titiwangsa","U1700",80.7333333333333,"2025-04",305,259,31,15,0.8492,-0.1635,0.3702,0.932026632973237,0.6298,-0.6008,0.5484
"170","Hab Wira Damai ~ Stesen MRT Titiwangsa","U1700",80.2833333333333,"2025-05",481,420,48,13,0.8732,-0.1356,0.2456,0.209459824744074,0.7544,-0.3648,0.6943
"170","Hab Wira Damai ~ Stesen MRT Titiwangsa","U1700",79.2333333333333,"2025-06",470,392,58,20,0.834,-0.1815,0.1432,2.01822969153516,0.8568,-0.3051,0.737
"171","Hab Wira Damai ~ Lebuh Ampang via Sentul","U1710",112.9,"2025-04",934,791,139,4,0.8469,-0.1662,0.0837,0.365933653627461,0.9163,-0.2537,0.7759
"171","Hab Wira Damai ~ Lebuh Ampang via Sentul","U1710",109.35,"2025-05",1082,926,155,1,0.8558,-0.1557,0.2184,0.212580690990076,0.7816,-0.3515,0.7036
"171","Hab Wira Damai ~ Lebuh Ampang via Sentul","U1710",109.466666666667,"2025-06",743,638,101,4,0.8587,-0.1524,0.3672,0.359210237985402,0.6328,-0.5835,0.5579
"173","Taman Jasa Utama ~ Lebuh Ampang","U1730",49.3166666666667,"2025-04",771,761,9,1,0.987,-0.0131,0.0063,0.0207782509919799,0.9937,-0.0793,0.9238
"173","Taman Jasa Utama ~ Lebuh Ampang","U1730",71.0166666666667,"2025-05",2007,1989,16,2,0.991,-0.009,0.0478,0.0312412809654732,0.9522,-0.0802,0.9229
"173","Taman Jasa Utama ~ Lebuh Ampang","U1730",49.3166666666667,"2025-06",1692,1667,9,16,0.9852,-0.0149,0.0205,0.26283002097643,0.9795,-0.0819,0.9214
"180","Taman Dato' Senu ~ Hab Pasar Seni","U1800",38.9333333333333,"2025-04",143,124,19,0,0.8671,-0.1426,0.0547,0.283402474533002,0.9453,-0.2188,0.8035
"180","Taman Dato' Senu ~ Hab Pasar Seni","U1800",42.3833333333333,"2025-05",453,406,44,3,0.8962,-0.1095,0.0757,0.268082246538429,0.9243,-0.1921,0.8252
"180","Taman Dato' Senu ~ Hab Pasar Seni","U1800",42.3833333333333,"2025-06",431,383,44,4,0.8886,-0.1181,0.0376,0.00949161007230627,0.9624,-0.1899,0.827
"190","Desa Sri Hartamas ~ Lin Ho Jln Lekiu","U1900",67.1,"2025-04",834,780,44,10,0.9353,-0.0669,0.1146,0.0273299277785535,0.8854,-0.1678,0.8455
"190","Desa Sri Hartamas ~ Lin Ho Jln Lekiu","U1900",65.9,"2025-05",726,676,43,7,0.9311,-0.0714,0.1118,0.0467923944869055,0.8882,-0.1709,0.8429
"190","Desa Sri Hartamas ~ Lin Ho Jln Lekiu","U1900",63.75,"2025-06",899,834,60,5,0.9277,-0.075,0.1114,0.0453009097753079,0.8886,-0.1743,0.84
"191","Taman Sri Segambut~ Monorel Chow Kit","U1910",59.1833333333333,"2025-04",121,118,2,1,0.9752,-0.0251,0.0074,0.518539054138323,0.9926,-0.0913,0.9127
"191","Taman Sri Segambut~ Monorel Chow Kit","U1910",57.4666666666667,"2025-05",176,174,1,1,0.9886,-0.0114,0.0215,0.0227378807768495,0.9785,-0.0783,0.9247
"191","Taman Sri Segambut~ Monorel Chow Kit","U1910",59.1833333333333,"2025-06",137,134,2,1,0.9781,-0.0221,0.0138,0.026909881350272,0.9862,-0.0889,0.9149
"200","UIA Gombak ~ SOGO KL","U2000",57.2833333333333,"2025-04",426,414,2,10,0.9718,-0.0286,0.3434,1.86075280989276,0.6566,-0.4109,0.6631
"200","UIA Gombak ~ SOGO KL","U2000",60.75,"2025-05",496,482,2,12,0.9718,-0.0286,0.5564,0.957651038550245,0.4436,-0.9309,0.3942
"200","UIA Gombak ~ SOGO KL","U2000",58.7666666666667,"2025-06",324,315,2,7,0.9722,-0.0282,0.364,0.196408221344639,0.636,-0.4498,0.6378
"201","Batu 12 Gombak ~ Stesen MRT Titiwangsa","U2010",101.783333333333,"2025-04",86,80,5,1,0.9302,-0.0723,0.0868,0.06146121405678,0.9132,-0.1589,0.8531
"201","Batu 12 Gombak ~ Stesen MRT Titiwangsa","U2010",111.433333333333,"2025-05",225,209,13,3,0.9289,-0.0738,0.1091,0.120453588341919,0.8909,-0.172,0.842
"201","Batu 12 Gombak ~ Stesen MRT Titiwangsa","U2010",106.75,"2025-06",273,257,13,3,0.9414,-0.0604,0.1531,0.0713724183087423,0.8469,-0.1888,0.828
"202","Hub Wira Damai ~ Lebuh Ampang via Gombak","U2020",96.9166666666666,"2025-04",1231,1183,33,15,0.961,-0.0398,0.1667,0.171406937960377,0.8333,-0.1792,0.8359
"202","Hub Wira Damai ~ Lebuh Ampang via Gombak","U2020",58.7666666666666,"2025-05",1592,1536,48,8,0.9648,-0.0358,0.1353,0.26446968205689,0.8647,-0.1497,0.861
"202","Hub Wira Damai ~ Lebuh Ampang via Gombak","U2020",71.3333333333333,"2025-06",1431,1380,32,19,0.9644,-0.0363,0.4791,0.350740758861115,0.5209,-0.7212,0.4862
"220","Taman Melawati ~ Lebuh Ampang","U2200",47.8666666666667,"2025-04",679,631,43,5,0.9293,-0.0733,0.0398,0.045115826596925,0.9602,-0.1447,0.8653
"220","Taman Melawati ~ Lebuh Ampang","U2200",47.6166666666667,"2025-05",441,415,18,8,0.941,-0.0608,0.1332,0.0822820039973394,0.8668,-0.174,0.8403
"220","Taman Melawati ~ Lebuh Ampang","U2200",48.5333333333333,"2025-06",1033,961,59,13,0.9303,-0.0722,0.0914,0.0606617781105155,0.9086,-0.1606,0.8516
"222","Taman Melawati ~ Stesen LRT Wangsa Maju","U2220",61.4666666666667,"2025-04",337,292,34,11,0.8665,-0.1433,0.3036,6.89855536770113,0.6964,-0.4588,0.632
"222","Taman Melawati ~ Stesen LRT Wangsa Maju","U2220",64.5333333333333,"2025-05",324,287,26,11,0.8858,-0.1213,0.1583,0.27063155698544,0.8417,-0.2556,0.7745
"222","Taman Melawati ~ Stesen LRT Wangsa Maju","U2220",67.3666666666667,"2025-06",448,382,51,15,0.8527,-0.1594,0.1403,1.45533005059899,0.8597,-0.28,0.7558
"250","Stesen LRT Wangsa Maju ~ Lebuh Ampang","U2500",56.55,"2025-04",1905,1789,102,14,0.9391,-0.0628,0.084,0.0553161588378245,0.916,-0.1478,0.8626
"250","Stesen LRT Wangsa Maju ~ Lebuh Ampang","U2500",32,"2025-05",1843,1716,106,21,0.9311,-0.0714,0.0832,0.371084039979184,0.9168,-0.1561,0.8555
"250","Stesen LRT Wangsa Maju ~ Lebuh Ampang","U2500",29.3666666666667,"2025-06",2127,1999,107,21,0.9398,-0.0621,0.0889,0.343791395261549,0.9111,-0.1489,0.8617
"251","AU3 Jentayu ~ Chow Kit","U2510",46.7,"2025-04",580,557,0,23,0.9603,-0.0405,0.3804,0.183986091089206,0.6196,-0.4954,0.6093
"251","AU3 Jentayu ~ Chow Kit","U2510",47.9666666666667,"2025-05",811,775,0,36,0.9556,-0.0454,0.3665,0.077786490998233,0.6335,-0.4726,0.6234
"251","AU3 Jentayu ~ Chow Kit","U2510",47.9666666666667,"2025-06",531,509,0,22,0.9586,-0.0423,0.3583,0.137140338704555,0.6417,-0.4531,0.6357
"253","Stesen LRT Wangsa Maju ~ Ampang Point","U2538",39.5,"2025-04",204,179,18,7,0.8775,-0.1307,0.56,1.02223083685121,0.44,-1.0466,0.3511
"253","Stesen LRT Wangsa Maju ~ Ampang Point","U2538",39.9166666666667,"2025-05",358,321,26,11,0.8966,-0.1091,0.5757,4.59795984788115,0.4243,-1.0728,0.342
"253","Stesen LRT Wangsa Maju ~ Ampang Point","U2538",39.9166666666667,"2025-06",166,151,10,5,0.9096,-0.0947,0.5506,0.236989191395378,0.4494,-0.9814,0.3748
"254","Ayer Panas ~ Titiwangsa via Chowkit","U2548",20.3166666666667,"2025-04",16,12,3,1,0.75,-0.2877,0.702,0.81779517298183,0.298,-1.6952,0.1836
"254","Ayer Panas ~ Titiwangsa via Chowkit","U2548",37.1333333333333,"2025-05",146,129,12,5,0.8836,-0.1238,0.4204,2.60189567102701,0.5796,-0.6677,0.5129
"254","Ayer Panas ~ Titiwangsa via Chowkit","U2548",38.7166666666667,"2025-06",56,48,6,2,0.8571,-0.1542,0.3673,0.142734678532872,0.6327,-0.5858,0.5567
"300","Hab Pandan Indah ~ Lebuh Ampang","U3000",75.4166666666667,"2025-04",2102,2017,36,49,0.9596,-0.0413,13.0412,9.52153197466518,0,NA,0
"300","Hab Pandan Indah ~ Lebuh Ampang","U3000",75.6833333333333,"2025-05",1179,1144,25,10,0.9703,-0.0301,5.6533,5.79874461155171,0,NA,0
"300","Hab Pandan Indah ~ Lebuh Ampang","U3000",76.45,"2025-06",1128,1089,24,15,0.9654,-0.0352,30.1448,12.7182966699179,0,NA,0
"302","Titiwangsa ~ KLCC","U3020",37.05,"2025-04",462,412,38,12,0.8918,-0.1145,0.068,0.353366164737022,0.932,-0.1944,0.8233
"302","Titiwangsa ~ KLCC","U3020",36.15,"2025-05",478,435,30,13,0.91,-0.0943,0.0876,0.0662668009571226,0.9124,-0.182,0.8336
"302","Titiwangsa ~ KLCC","U3020",37.05,"2025-06",489,449,27,13,0.9182,-0.0853,0.0756,0.0346379573334701,0.9244,-0.1673,0.8459
"303","Taman Mulia Jaya ~ Lebuh Ampang","U3030",46.8833333333333,"2025-04",581,566,0,15,0.9742,-0.0262,16.7181,17.7937900004735,0,NA,0
"303","Taman Mulia Jaya ~ Lebuh Ampang","U3030",47.1,"2025-05",501,488,0,13,0.9741,-0.0263,0.1069,9.64050923846397,0.8931,-0.1219,0.8852
"303","Taman Mulia Jaya ~ Lebuh Ampang","U3030",48.5833333333333,"2025-06",703,681,1,21,0.9687,-0.0318,0.1432,13.749378073991,0.8568,-0.1517,0.8592
"400","Damai Perdana ~ Hab Lebuh Pudu via Bukit Bintang","U4000",43.85,"2025-04",716,693,0,23,0.9679,-0.0327,0.3624,19.3051429002691,0.6376,-0.4511,0.6369
"400","Damai Perdana ~ Hab Lebuh Pudu via Bukit Bintang","U4000",43.65,"2025-05",446,433,0,13,0.9709,-0.0296,32.8886,19.7637730567503,0,NA,0
"400","Damai Perdana ~ Hab Lebuh Pudu via Bukit Bintang","U4000",41.8333333333333,"2025-06",614,582,0,32,0.9479,-0.0535,0.3935,6.9655975178805,0.6065,-0.5364,0.5848
"402","Terminal Maluri ~ Titiwangsa","U4028",19.1333333333333,"2025-04",20,16,3,1,0.8,-0.2231,0.9211,8.0736788853834,0.0789,-2.5977,0.0744
"402","Terminal Maluri ~ Titiwangsa","U4028",89.65,"2025-05",215,167,36,12,0.7767,-0.2526,0.2139,9.0237554024918,0.7861,-0.4459,0.6402
"402","Terminal Maluri ~ Titiwangsa","U4028",90.3333333333333,"2025-06",239,196,28,15,0.8201,-0.1983,6.8395,4.74663319692,0,NA,0
"420","Hab Pandan Indah ~ Menara Maybank via Bukit Bintang","U4200",43.6333333333333,"2025-04",347,337,0,10,0.9712,-0.0292,36.4092,24.5035877991309,0,NA,0
"420","Hab Pandan Indah ~ Menara Maybank via Bukit Bintang","U4200",42.7166666666667,"2025-05",408,390,2,16,0.9559,-0.0451,20.9504,16.3365465436409,0,NA,0
"420","Hab Pandan Indah ~ Menara Maybank via Bukit Bintang","U4200",43.8666666666667,"2025-06",670,637,5,28,0.9507,-0.0505,11.0122,13.361177236004,0,NA,0
"421","Hentian Taman Dagang ~ Menara Maybank via Bukit Bintang","U4210",76.9833333333333,"2025-04",473,404,62,7,0.8541,-0.1577,0.0666,2.3858535122078,0.9334,-0.2382,0.788
"421","Hentian Taman Dagang ~ Menara Maybank via Bukit Bintang","U4210",77.9666666666667,"2025-05",803,693,100,10,0.863,-0.1473,0.0786,2.8837405399301,0.9214,-0.2319,0.793
"421","Hentian Taman Dagang ~ Menara Maybank via Bukit Bintang","U4210",78.3833333333333,"2025-06",604,530,62,12,0.8775,-0.1307,4.859,3.85384616437611,0,NA,0
"450","Hentian Kajang ~ Hab Lebuh Pudu","U4500",68.8833333333333,"2025-04",455,407,40,8,0.8945,-0.1115,0.0423,0.0316614426768736,0.9577,-0.1842,0.8318
"450","Hentian Kajang ~ Hab Lebuh Pudu","U4500",67.6,"2025-05",723,650,62,11,0.899,-0.1064,0.0949,0.0358218648314127,0.9051,-0.1973,0.8209
"450","Hentian Kajang ~ Hab Lebuh Pudu","U4500",68.4166666666667,"2025-06",744,672,55,17,0.9032,-0.1018,0.0583,0.022877503077452,0.9417,-0.1782,0.8368
"506","Putrajaya Sentral ~ Bandar Utama","U5068",50,"2025-04",154,122,22,10,0.7922,-0.2329,0.1438,0.0908883448968857,0.8562,-0.3584,0.6988
"506","Putrajaya Sentral ~ Bandar Utama","U5068",50,"2025-05",139,112,21,6,0.8058,-0.216,0.1506,0.209972890457965,0.8494,-0.3461,0.7074
"506","Putrajaya Sentral ~ Bandar Utama","U5068",50,"2025-06",186,154,3,29,0.828,-0.1888,0.2805,0.154350121953495,0.7195,-0.4691,0.6256
"540","Putra Permai ~ Stesen KTM Serdang","U5408",66.35,"2025-04",40,29,9,2,0.725,-0.3216,0.204,11.9235010506862,0.796,-0.5054,0.6033
"540","Putra Permai ~ Stesen KTM Serdang","U5408",57.3,"2025-05",48,35,12,1,0.7292,-0.3159,0.2094,0.307220819787838,0.7906,-0.5054,0.6033
"540","Putra Permai ~ Stesen KTM Serdang","U5408",61.8333333333333,"2025-06",58,45,10,3,0.7759,-0.2538,0.3335,0.241234645711736,0.6665,-0.6239,0.5359
"541","Putra Permai ~ Stesen LRT BK 5","U5410",70,"2025-04",180,37,143,0,0.2056,-1.582,0.3306,0.0302535523297914,0.6694,-1.9816,0.1378
"541","Putra Permai ~ Stesen LRT BK 5","U5410",64.2666666666667,"2025-05",106,24,82,0,0.2264,-1.4854,0.3806,0.062606498355711,0.6194,-1.9786,0.1383
"541","Putra Permai ~ Stesen LRT BK 5","U5410",70,"2025-06",346,67,279,0,0.1936,-1.6417,0.3029,0.0134859540219575,0.6971,-1.9953,0.136
"580","Desa Petaling ~ Hab Lebuh Pudu via Stesen LRT Salak Selatan","U5800",47.1666666666667,"2025-04",212,200,3,9,0.9434,-0.0583,0.4274,14.5560563979822,0.5726,-0.6167,0.5397
"580","Desa Petaling ~ Hab Lebuh Pudu via Stesen LRT Salak Selatan","U5800",49.4833333333333,"2025-05",194,180,4,10,0.9278,-0.0749,30.5204,18.3291079158708,0,NA,0
"580","Desa Petaling ~ Hab Lebuh Pudu via Stesen LRT Salak Selatan","U5800",49.4833333333333,"2025-06",264,247,5,12,0.9356,-0.0666,40.5656,26.87931321243,0,NA,0
"581","Desa Tasik ~ Stesen LRT Bandar Tasik Selatan","U5810",35.0666666666667,"2025-04",168,112,47,9,0.6667,-0.4055,0.2532,0.046432885513856,0.7468,-0.652,0.521
"581","Desa Tasik ~ Stesen LRT Bandar Tasik Selatan","U5810",35.0666666666667,"2025-05",170,112,48,10,0.6588,-0.4173,0.2268,0.0219813102430224,0.7732,-0.6302,0.5325
"581","Desa Tasik ~ Stesen LRT Bandar Tasik Selatan","U5810",35.0666666666667,"2025-06",172,113,47,12,0.657,-0.4201,0.2296,0.0841454312660003,0.7704,-0.6363,0.5292
"590","Bandar Sungai Long ~ Hab Lebuh Pudu","U5900",49.95,"2025-04",970,904,49,17,0.932,-0.0705,0.0654,0.0440341079921765,0.9346,-0.1482,0.8623
"590","Bandar Sungai Long ~ Hab Lebuh Pudu","U5900",48.9333333333333,"2025-05",1041,975,55,11,0.9366,-0.0655,0.0442,0.0607420612096758,0.9558,-0.1375,0.8715
"590","Bandar Sungai Long ~ Hab Lebuh Pudu","U5900",49.9333333333333,"2025-06",868,812,44,12,0.9355,-0.0667,0.0411,0.0150873729830415,0.9589,-0.1382,0.8709
"600","Puchong Utama ~ Hab Pasar Seni","U6000",75.7333333333333,"2025-04",3993,3721,201,71,0.9319,-0.0706,0.1127,0.0159379152606965,0.8873,-0.1706,0.8432
"600","Puchong Utama ~ Hab Pasar Seni","U6000",75.7333333333333,"2025-05",4102,3850,199,53,0.9386,-0.0634,0.1027,0.0191606604554986,0.8973,-0.1576,0.8542
"600","Puchong Utama ~ Hab Pasar Seni","U6000",74.1666666666667,"2025-06",4025,3776,186,63,0.9381,-0.0639,0.1169,0.024233126330804,0.8831,-0.1663,0.8468
"602","Puchong Prima ~ IOI Puchong","U6020",53.7833333333333,"2025-04",268,216,32,20,0.806,-0.2157,18.0176,11.1425537486999,0,NA,0
"602","Puchong Prima ~ IOI Puchong","U6020",52.4833333333333,"2025-05",192,161,21,10,0.8385,-0.1761,14.9519,7.96689396797203,0,NA,0
"602","Puchong Prima ~ IOI Puchong","U6020",53.1,"2025-06",371,293,48,30,0.7898,-0.236,15.3037,19.7957171413062,0,NA,0
"640","Hab Bas Sri Manja ~ Hab Pasar Seni","U6400",35,"2025-04",1313,1204,101,8,0.917,-0.0867,0.0901,0.0143500356727614,0.9099,-0.175,0.8395
"640","Hab Bas Sri Manja ~ Hab Pasar Seni","U6400",35,"2025-05",1122,1032,86,4,0.9198,-0.0836,0.0854,0.0125439083368636,0.9146,-0.1697,0.8439
"640","Hab Bas Sri Manja ~ Hab Pasar Seni","U6400",35,"2025-06",1436,1316,93,27,0.9164,-0.0873,0.1106,0.0277377476926088,0.8894,-0.1864,0.8299
"641","Stesen LRT Subang Jaya ~ Pearl Point","U6410",57.7,"2025-04",184,158,11,15,0.8587,-0.1523,0.2143,1.67083880665058,0.7857,-0.3435,0.7093
"641","Stesen LRT Subang Jaya ~ Pearl Point","U6410",61.7,"2025-05",278,245,20,13,0.8813,-0.1264,0.1723,2.09490932444256,0.8277,-0.2731,0.761
"641","Stesen LRT Subang Jaya ~ Pearl Point","U6410",56.2833333333333,"2025-06",322,272,19,31,0.8447,-0.1687,0.2935,0.221183131137978,0.7065,-0.4687,0.6258
"650","Taman Desa ~ Hab Pasar Seni","U6500",59.8,"2025-04",295,259,32,4,0.878,-0.1301,0.1651,1.49424328190687,0.8349,-0.2702,0.7632
"650","Taman Desa ~ Hab Pasar Seni","U6500",60.5,"2025-05",359,315,39,5,0.8774,-0.1307,0.0778,0.0542636978936278,0.9222,-0.2149,0.8066
"650","Taman Desa ~ Hab Pasar Seni","U6500",61.3166666666667,"2025-06",405,364,38,3,0.8988,-0.1067,0.061,0.0969915854446087,0.939,-0.1838,0.8321
"651","Stesen LRT Muhibbah ~Pearl Point","U6510",51.6166666666667,"2025-04",138,106,25,7,0.7681,-0.2638,0.1567,4.92854467143047,0.8433,-0.4002,0.6702
"651","Stesen LRT Muhibbah ~Pearl Point","U6510",52.5,"2025-05",165,135,21,9,0.8182,-0.2007,0.2655,2.68868466236492,0.7345,-0.4591,0.6319
"651","Stesen LRT Muhibbah ~Pearl Point","U6510",52.5,"2025-06",163,132,27,4,0.8098,-0.2109,0.2269,4.18080339257336,0.7731,-0.4184,0.6581
"652","Stesen LRT Awan Besar ~Batu 3 Jalan Klang Lama","U6520",64.1666666666667,"2025-04",181,168,9,4,0.9282,-0.0745,0.0707,0.254963066793156,0.9293,-0.1546,0.8568
"652","Stesen LRT Awan Besar ~Batu 3 Jalan Klang Lama","U6520",66.1,"2025-05",251,235,9,7,0.9363,-0.0659,0.099,0.052836980851053,0.901,-0.1581,0.8538
"652","Stesen LRT Awan Besar ~Batu 3 Jalan Klang Lama","U6520",71.8,"2025-06",165,154,8,3,0.9333,-0.069,0.0183,0.0409027774837156,0.9817,-0.1372,0.8718
"708","Klang ~ Sunway Pyramid via Hentian Bandar","U7088",51.95,"2025-04",298,248,33,17,0.8322,-0.1837,0.1645,0.0393755447430194,0.8355,-0.3247,0.7227
"708","Klang ~ Sunway Pyramid via Hentian Bandar","U7088",68.85,"2025-05",248,204,32,12,0.8226,-0.1953,0.2291,0.0466214133399898,0.7709,-0.4048,0.6671
"708","Klang ~ Sunway Pyramid via Hentian Bandar","U7088",56.05,"2025-06",282,227,39,16,0.805,-0.217,0.1544,0.0486093468680785,0.8456,-0.3503,0.7045
"750","Hab Sekysen 2 ~ Hab Pasar Seni","U7508",58.1166666666667,"2025-04",461,400,52,9,0.8677,-0.1419,0.0913,0.0223907442612216,0.9087,-0.2321,0.7929
"750","Hab Sekysen 2 ~ Hab Pasar Seni","U7508",58.9833333333333,"2025-05",763,676,74,13,0.886,-0.1211,0.0666,0.015150709554341,0.9334,-0.2006,0.8182
"750","Hab Sekysen 2 ~ Hab Pasar Seni","U7508",58.9833333333333,"2025-06",772,682,75,15,0.8834,-0.124,0.0667,0.0820437956933046,0.9333,-0.2036,0.8158
"751","Taman Sri Muda ~ Hab Pasar Seni","U7510",59.2,"2025-04",1037,896,105,36,0.864,-0.1461,0.1591,0.302496592346017,0.8409,-0.2816,0.7546
"751","Taman Sri Muda ~ Hab Pasar Seni","U7510",59.4833333333333,"2025-05",775,669,81,25,0.8632,-0.1471,0.106,0.015733409732737,0.894,-0.2454,0.7824
"751","Taman Sri Muda ~ Hab Pasar Seni","U7510",59.1833333333333,"2025-06",829,717,91,21,0.8649,-0.1451,0.1177,0.0265827260364586,0.8823,-0.2502,0.7786
"752","Stesen LRT Putra Height ~ Hentian Bandar Shah Alam","U7520",50,"2025-04",199,178,19,2,0.8945,-0.1115,0.0252,0.0520407184899707,0.9748,-0.1815,0.834
"752","Stesen LRT Putra Height ~ Hentian Bandar Shah Alam","U7520",50.3,"2025-05",139,127,11,1,0.9137,-0.0903,0.0701,0.13018750952516,0.9299,-0.1703,0.8434
"752","Stesen LRT Putra Height ~ Hentian Bandar Shah Alam","U7520",50,"2025-06",357,326,24,7,0.9132,-0.0908,0.0517,0.0230924564331655,0.9483,-0.1652,0.8477
"753","Hentian Bandar Shah Alam ~ UiTM Puncak Alam","U7538",110.033333333333,"2025-04",355,325,13,17,0.9155,-0.0883,0.4164,3.44621216949027,0.5836,-0.6223,0.5367
"753","Hentian Bandar Shah Alam ~ UiTM Puncak Alam","U7538",99.8833333333333,"2025-05",298,278,10,10,0.9329,-0.0695,0.3197,0.101954484497205,0.6803,-0.4099,0.6637
"753","Hentian Bandar Shah Alam ~ UiTM Puncak Alam","U7538",105.516666666667,"2025-06",167,153,5,9,0.9162,-0.0876,0.3503,0.19432957148345,0.6497,-0.4842,0.6162
"754","Sekysen 13 Shah Alam ~ UITM Puncak Perdana","U7548",48.3666666666667,"2025-04",165,142,13,10,0.8606,-0.1501,0.097,0.752521105415149,0.903,-0.2434,0.784
"754","Sekysen 13 Shah Alam ~ UITM Puncak Perdana","U7548",47.5833333333333,"2025-05",114,97,12,5,0.8509,-0.1615,0.1291,0.0866097275661973,0.8709,-0.2742,0.7602
"754","Sekysen 13 Shah Alam ~ UITM Puncak Perdana","U7548",46.8166666666667,"2025-06",175,152,15,8,0.8686,-0.1409,0.0853,0.0545936721985034,0.9147,-0.2288,0.7955
"770","Subang Mewah USJ 1 ~ Hab Pasar Seni","U7700",48.9166666666667,"2025-04",478,403,63,12,0.8431,-0.1707,0.2195,0.0427589055051693,0.7805,-0.368,0.6921
"770","Subang Mewah USJ 1 ~ Hab Pasar Seni","U7700",50,"2025-05",395,335,55,5,0.8481,-0.1648,0.2164,0.0678162075023368,0.7836,-0.3587,0.6986
"770","Subang Mewah USJ 1 ~ Hab Pasar Seni","U7700",50,"2025-06",553,465,77,11,0.8409,-0.1733,0.1963,0.0608136382971877,0.8037,-0.3449,0.7083
"771","Subang Mewah USJ 1 ~ Desa Mentari via Persiaran Tujuan","U7718",46.4,"2025-04",143,136,0,7,0.951,-0.0502,0.1324,71.380526775603,0.8676,-0.1626,0.8499
"771","Subang Mewah USJ 1 ~ Desa Mentari via Persiaran Tujuan","U7718",43.35,"2025-05",49,47,0,2,0.9592,-0.0417,0.0569,57.5172052410028,0.9431,-0.1161,0.8904
"771","Subang Mewah USJ 1 ~ Desa Mentari via Persiaran Tujuan","U7718",47.1333333333333,"2025-06",324,310,3,11,0.9568,-0.0442,0.5877,79.0965752786679,0.4123,-1.0443,0.3519
"772","Subang Suria Mah Sing ~ Hab Pasar Seni","U7720",94.3166666666667,"2025-04",863,730,107,26,0.8459,-0.1674,0.0923,0.0383284638729123,0.9077,-0.2588,0.772
"772","Subang Suria Mah Sing ~ Hab Pasar Seni","U7720",97.1666666666667,"2025-05",1067,894,165,8,0.8379,-0.1769,0.068,0.283156032154455,0.932,-0.2584,0.7723
"772","Subang Suria Mah Sing ~ Hab Pasar Seni","U7720",93.4833333333334,"2025-06",944,795,140,9,0.8422,-0.1718,0.068,0.536886245071578,0.932,-0.2532,0.7763
"780","Kota Damansara ~ Hab Pasar Seni","U7800",51,"2025-04",370,357,4,9,0.9649,-0.0358,0.0613,0.115607265383815,0.9387,-0.1115,0.8945
"780","Kota Damansara ~ Hab Pasar Seni","U7800",52.15,"2025-05",526,510,6,10,0.9696,-0.0309,0.0502,0.0669259903312471,0.9498,-0.1032,0.9019
"780","Kota Damansara ~ Hab Pasar Seni","U7800",50.0666666666667,"2025-06",409,397,8,4,0.9707,-0.0298,0.0292,0.113705810097813,0.9708,-0.0981,0.9066
"782","Hentian PJ Old Town ~ Hab Pasar Seni","U7828",33.3333333333333,"2025-04",226,177,43,6,0.7832,-0.2444,0.1528,0.058072540843328,0.8472,-0.3774,0.6856
"782","Hentian PJ Old Town ~ Hab Pasar Seni","U7828",30,"2025-05",192,154,36,2,0.8021,-0.2205,0.1381,0.0318713436405581,0.8619,-0.3417,0.7106
"782","Hentian PJ Old Town ~ Hab Pasar Seni","U7828",30,"2025-06",183,149,30,4,0.8142,-0.2055,0.1636,0.0426859039620672,0.8364,-0.3463,0.7073
"783","Stesen LRT Kelana Jaya ~ Subang Parade","U7830",16.55,"2025-04",106,97,0,9,0.9151,-0.0887,0.4894,1.23302446938219,0.5106,-0.8021,0.4484
"783","Stesen LRT Kelana Jaya ~ Subang Parade","U7830",18.6666666666667,"2025-05",210,195,0,15,0.9286,-0.0741,0.3415,0.892169684329368,0.6585,-0.4538,0.6352
"783","Stesen LRT Kelana Jaya ~ Subang Parade","U7830",18.2833333333333,"2025-06",159,141,0,18,0.8868,-0.1201,0.4141,0.204236167722278,0.5859,-0.6495,0.5223
"801","Bandar Utama ~ Metro Prima","U8010",52.6833333333333,"2025-04",86,63,22,1,0.7326,-0.3112,0.1267,0.0715194558943829,0.8733,-0.4262,0.653
"801","Bandar Utama ~ Metro Prima","U8010",80.9666666666667,"2025-05",224,175,46,3,0.7812,-0.2469,0.1963,0.0442543290126925,0.8037,-0.4207,0.6566
"801","Bandar Utama ~ Metro Prima","U8010",81.7,"2025-06",216,172,42,2,0.7963,-0.2278,0.228,0.0682227795319043,0.772,-0.4371,0.6459
"802","Stesen LRT Kelana Jaya ~ Kota Damansara","U8020",52.7833333333333,"2025-04",67,40,22,5,0.597,-0.5158,0.6843,2.83446081090768,0.3157,-1.8627,0.1553
"802","Stesen LRT Kelana Jaya ~ Kota Damansara","U8020",131.133333333333,"2025-05",376,249,114,13,0.6622,-0.4121,2.8299,2.32484414504011,0,NA,0
"802","Stesen LRT Kelana Jaya ~ Kota Damansara","U8020",127.15,"2025-06",245,157,80,8,0.6408,-0.445,0.2495,2.65979582793934,0.7505,-0.6877,0.5027
"821","Pantai Hill Park ~ Hab Pasar Seni","U8210",48.05,"2025-04",421,378,31,12,0.8979,-0.1077,3.9742,1.21356736995874,0,NA,0
"821","Pantai Hill Park ~ Hab Pasar Seni","U8210",48.05,"2025-05",799,731,55,13,0.9149,-0.0889,2.8057,1.93313794767142,0,NA,0
"821","Pantai Hill Park ~ Hab Pasar Seni","U8210",48.05,"2025-06",917,837,63,17,0.9128,-0.0913,5.8141,1.66677255051403,0,NA,0
"822","STESEN LRT BANGSAR ~ BANGSAR SHOPPING CENTRE","U8220",20.9666666666667,"2025-04",97,92,0,5,0.9485,-0.0529,6.1396,7.56941773971954,0,NA,0
"822","STESEN LRT BANGSAR ~ BANGSAR SHOPPING CENTRE","U8220",23.15,"2025-05",154,148,1,5,0.961,-0.0397,10.723,5.29523107848425,0,NA,0
"822","STESEN LRT BANGSAR ~ BANGSAR SHOPPING CENTRE","U8220",20.0333333333333,"2025-06",97,90,1,6,0.9278,-0.0749,10.9177,6.96047643372289,0,NA,0
"851","Hab Pasar Seni ~ Kompleks Mahkamah Jalan Duta","U8510",53.4166666666667,"2025-04",124,95,22,7,0.7661,-0.2664,0.6758,1.12799560780975,0.3242,-1.5751,0.207
"851","Hab Pasar Seni ~ Kompleks Mahkamah Jalan Duta","U8510",53.4166666666667,"2025-05",186,144,35,7,0.7742,-0.2559,0.1917,0.176695867626732,0.8083,-0.4248,0.6539
"851","Hab Pasar Seni ~ Kompleks Mahkamah Jalan Duta","U8510",46.1666666666667,"2025-06",89,71,15,3,0.7978,-0.226,0.1426,0.0474008334858314,0.8574,-0.3502,0.7045
