route_id,date,month,BPI
T100,2026-06-03,2026-06,0.937
T101,2026-06-03,2026-06,0.8075
T102,2026-06-03,2026-06,0.8695
T103,2026-06-03,2026-06,0.913
T104,2026-06-03,2026-06,0.9121
T105,2026-06-03,2026-06,0.7038
T106,2026-06-03,2026-06,0.9007
T107,2026-06-03,2026-06,0.8493
T108,2026-06-03,2026-06,0.8646
T109,2026-06-03,2026-06,0.8765
T110,2026-06-03,2026-06,0.874
T114,2026-06-03,2026-06,0.7083
T115,2026-06-03,2026-06,0.863
T117,2026-06-03,2026-06,1
T121,2026-06-03,2026-06,0.9487
T152,2026-06-03,2026-06,0.8214
T154,2026-06-03,2026-06,0.9085
T180,2026-06-03,2026-06,0.6881
T305,2026-06-03,2026-06,0.8054
T352,2026-06-03,2026-06,0.7791
T400,2026-06-03,2026-06,0.9556
T401,2026-06-03,2026-06,0.8593
T402,2026-06-03,2026-06,0
T407,2026-06-03,2026-06,0.6868
T408,2026-06-03,2026-06,0.8939
T409,2026-06-03,2026-06,0.9445
T410,2026-06-03,2026-06,0.6171
T411,2026-06-03,2026-06,0.9643
T412,2026-06-03,2026-06,0.9784
T413,2026-06-03,2026-06,0.9533
T414,2026-06-03,2026-06,0.4764
T415,2026-06-03,2026-06,0.7357
T416,2026-06-03,2026-06,0.4958
T417,2026-06-03,2026-06,0.0438
T418,2026-06-03,2026-06,0.852
T419,2026-06-03,2026-06,0.741
T451,2026-06-03,2026-06,0.7963
T453,2026-06-03,2026-06,0.9042
T455,2026-06-03,2026-06,0.6578
T457,2026-06-03,2026-06,0.9213
T458,2026-06-03,2026-06,0.8668
T459,2026-06-03,2026-06,0.8397
T460,2026-06-03,2026-06,0.8946
T461,2026-06-03,2026-06,0
T462,2026-06-03,2026-06,0.9638
T463,2026-06-03,2026-06,0.9307
T464,2026-06-03,2026-06,0.8187
T465,2026-06-03,2026-06,0
T504,2026-06-03,2026-06,0.878
T505,2026-06-03,2026-06,0.8868
T511,2026-06-03,2026-06,0.8173
T543,2026-06-03,2026-06,0.8394
T544,2026-06-03,2026-06,0.8603
T545,2026-06-03,2026-06,0.661
T559,2026-06-03,2026-06,0.6602
T560,2026-06-03,2026-06,0.88
T561,2026-06-03,2026-06,0.9463
T565,2026-06-03,2026-06,0.8921
T566,2026-06-03,2026-06,0.9301
T567,2026-06-03,2026-06,0.9116
T568,2026-06-03,2026-06,0.7659
T569,2026-06-03,2026-06,0.8261
T585,2026-06-03,2026-06,0.9077
T586,2026-06-03,2026-06,0.8853
T587,2026-06-03,2026-06,0.8722
T588,2026-06-03,2026-06,0.8927
T589,2026-06-03,2026-06,0.9186
T772,2026-06-03,2026-06,0.5529
T801,2026-06-03,2026-06,0.9699
T802,2026-06-03,2026-06,0.9101
T803,2026-06-03,2026-06,0.8405
T804,2026-06-03,2026-06,0.8083
T805,2026-06-03,2026-06,0.8857
T807,2026-06-03,2026-06,0.8522
T808,2026-06-03,2026-06,0.8521
T809,2026-06-03,2026-06,0.9119
T810,2026-06-03,2026-06,0.6622
T811,2026-06-03,2026-06,0.968
T812,2026-06-03,2026-06,0.7297
T813,2026-06-03,2026-06,0.8998
T814,2026-06-03,2026-06,0.933
T815,2026-06-03,2026-06,0.8697
T816,2026-06-03,2026-06,0.8631
T817,2026-06-03,2026-06,0.8415
T818,2026-06-03,2026-06,0.8883
T821,2026-06-03,2026-06,0.836
T852,2026-06-03,2026-06,0.82
T100,2026-06-04,2026-06,0.9613
T101,2026-06-04,2026-06,0.9201
T102,2026-06-04,2026-06,0.9707
T103,2026-06-04,2026-06,0.897
T104,2026-06-04,2026-06,0.704
T105,2026-06-04,2026-06,0.9925
T106,2026-06-04,2026-06,0.9565
T107,2026-06-04,2026-06,0.9934
T108,2026-06-04,2026-06,0.8882
T109,2026-06-04,2026-06,0.8887
T110,2026-06-04,2026-06,0.8799
T114,2026-06-04,2026-06,0.7981
T115,2026-06-04,2026-06,0.8705
T117,2026-06-04,2026-06,1
T121,2026-06-04,2026-06,0.9615
T152,2026-06-04,2026-06,0.0929
T154,2026-06-04,2026-06,0.8988
T180,2026-06-04,2026-06,0.961
T305,2026-06-04,2026-06,0.7121
T352,2026-06-04,2026-06,0.7308
T400,2026-06-04,2026-06,0.9584
T401,2026-06-04,2026-06,0.9128
T402,2026-06-04,2026-06,0.3801
T407,2026-06-04,2026-06,0.7502
T408,2026-06-04,2026-06,0.8999
T409,2026-06-04,2026-06,0.9399
T410,2026-06-04,2026-06,0.5875
T411,2026-06-04,2026-06,0.9299
T412,2026-06-04,2026-06,0.9828
T413,2026-06-04,2026-06,0.9962
T414,2026-06-04,2026-06,0.9047
T415,2026-06-04,2026-06,0.658
T416,2026-06-04,2026-06,0
T417,2026-06-04,2026-06,0.9727
T418,2026-06-04,2026-06,0.8952
T419,2026-06-04,2026-06,0.7439
T451,2026-06-04,2026-06,0.7705
T453,2026-06-04,2026-06,0.9108
T455,2026-06-04,2026-06,0.8488
T457,2026-06-04,2026-06,0.9086
T458,2026-06-04,2026-06,0.9002
T459,2026-06-04,2026-06,0.8734
T460,2026-06-04,2026-06,0.7689
T461,2026-06-04,2026-06,0.8743
T462,2026-06-04,2026-06,0.9494
T463,2026-06-04,2026-06,0
T464,2026-06-04,2026-06,0.6919
T465,2026-06-04,2026-06,0.8022
T507,2026-06-04,2026-06,0.9154
T509,2026-06-04,2026-06,0.8038
T511,2026-06-04,2026-06,0.7925
T543,2026-06-04,2026-06,0.9039
T544,2026-06-04,2026-06,0.8924
T559,2026-06-04,2026-06,0.6326
T560,2026-06-04,2026-06,0.893
T561,2026-06-04,2026-06,0.9243
T565,2026-06-04,2026-06,0.8719
T566,2026-06-04,2026-06,0.9198
T567,2026-06-04,2026-06,0.8995
T568,2026-06-04,2026-06,0.7666
T569,2026-06-04,2026-06,0.7342
T585,2026-06-04,2026-06,0.9664
T586,2026-06-04,2026-06,0.9424
T587,2026-06-04,2026-06,0.9685
T588,2026-06-04,2026-06,0.9485
T589,2026-06-04,2026-06,0.8975
T772,2026-06-04,2026-06,0.5207
T801,2026-06-04,2026-06,0.499
T802,2026-06-04,2026-06,0.9387
T803,2026-06-04,2026-06,0.7465
T804,2026-06-04,2026-06,0.8164
T805,2026-06-04,2026-06,0.8606
T807,2026-06-04,2026-06,0.8295
T808,2026-06-04,2026-06,0.8912
T809,2026-06-04,2026-06,0.8567
T810,2026-06-04,2026-06,0.5437
T811,2026-06-04,2026-06,0.9258
T812,2026-06-04,2026-06,0.846
T813,2026-06-04,2026-06,0.9237
T814,2026-06-04,2026-06,0.9588
T815,2026-06-04,2026-06,0.9197
T816,2026-06-04,2026-06,0.1629
T817,2026-06-04,2026-06,0.6459
T818,2026-06-04,2026-06,0.8914
T821,2026-06-04,2026-06,0.8541
T852,2026-06-04,2026-06,0.893
T100,2026-06-05,2026-06,0.9773
T101,2026-06-05,2026-06,0.9314
T102,2026-06-05,2026-06,0.5345
T103,2026-06-05,2026-06,0.9426
T104,2026-06-05,2026-06,0.879
T105,2026-06-05,2026-06,1
T106,2026-06-05,2026-06,0.957
T107,2026-06-05,2026-06,1
T108,2026-06-05,2026-06,0.912
T109,2026-06-05,2026-06,0.9138
T110,2026-06-05,2026-06,0.874
T114,2026-06-05,2026-06,0.8496
T115,2026-06-05,2026-06,0.8736
T117,2026-06-05,2026-06,0.9941
T121,2026-06-05,2026-06,0.9615
T152,2026-06-05,2026-06,0.853
T154,2026-06-05,2026-06,0.9151
T180,2026-06-05,2026-06,0.9619
T305,2026-06-05,2026-06,0
T352,2026-06-05,2026-06,0.7551
T400,2026-06-05,2026-06,0.9821
T401,2026-06-05,2026-06,0.9158
T402,2026-06-05,2026-06,0.9438
T407,2026-06-05,2026-06,0.6796
T408,2026-06-05,2026-06,0.9036
T409,2026-06-05,2026-06,0.9603
T410,2026-06-05,2026-06,0.581
T411,2026-06-05,2026-06,0.9155
T412,2026-06-05,2026-06,0.9839
T413,2026-06-05,2026-06,0.9698
T414,2026-06-05,2026-06,0.8925
T415,2026-06-05,2026-06,0.6363
T416,2026-06-05,2026-06,0.8145
T417,2026-06-05,2026-06,0.8652
T418,2026-06-05,2026-06,0.8497
T419,2026-06-05,2026-06,0.7135
T451,2026-06-05,2026-06,0.8054
T453,2026-06-05,2026-06,0.8988
T455,2026-06-05,2026-06,0.6825
T457,2026-06-05,2026-06,0.9412
T458,2026-06-05,2026-06,0.8724
T459,2026-06-05,2026-06,0.8477
T460,2026-06-05,2026-06,0.899
T461,2026-06-05,2026-06,0.7691
T462,2026-06-05,2026-06,0.9577
T463,2026-06-05,2026-06,0.938
T464,2026-06-05,2026-06,0.7042
T465,2026-06-05,2026-06,0.8543
T507,2026-06-05,2026-06,0.9422
T509,2026-06-05,2026-06,0.835
T511,2026-06-05,2026-06,0.7704
T543,2026-06-05,2026-06,0.8384
T544,2026-06-05,2026-06,0.9082
T559,2026-06-05,2026-06,0.7154
T560,2026-06-05,2026-06,0.8874
T561,2026-06-05,2026-06,0.9422
T565,2026-06-05,2026-06,0.9396
T566,2026-06-05,2026-06,0.9277
T568,2026-06-05,2026-06,0.8582
T569,2026-06-05,2026-06,0.8288
T585,2026-06-05,2026-06,0.4218
T586,2026-06-05,2026-06,0.8497
T587,2026-06-05,2026-06,0.9185
T588,2026-06-05,2026-06,0.9542
T589,2026-06-05,2026-06,0.884
T772,2026-06-05,2026-06,0.7509
T801,2026-06-05,2026-06,0.9347
T802,2026-06-05,2026-06,0.3217
T803,2026-06-05,2026-06,0
T804,2026-06-05,2026-06,0.9023
T805,2026-06-05,2026-06,0.9307
T807,2026-06-05,2026-06,0.8796
T808,2026-06-05,2026-06,0.9139
T809,2026-06-05,2026-06,0.9454
T810,2026-06-05,2026-06,0.7424
T811,2026-06-05,2026-06,0.9625
T812,2026-06-05,2026-06,0.8871
T813,2026-06-05,2026-06,0.9798
T814,2026-06-05,2026-06,0.9834
T815,2026-06-05,2026-06,0.9212
T816,2026-06-05,2026-06,0.9069
T817,2026-06-05,2026-06,0.8453
T818,2026-06-05,2026-06,0.8911
T821,2026-06-05,2026-06,0.8756
T852,2026-06-05,2026-06,0.8798
T100,2026-06-08,2026-06,0.9829
T101,2026-06-08,2026-06,0.8969
T102,2026-06-08,2026-06,0.9104
T103,2026-06-08,2026-06,0.7971
T104,2026-06-08,2026-06,0.921
T105,2026-06-08,2026-06,0.7672
T106,2026-06-08,2026-06,0.604
T107,2026-06-08,2026-06,0.9897
T108,2026-06-08,2026-06,0.0427
T109,2026-06-08,2026-06,0.8766
T110,2026-06-08,2026-06,0.8758
T114,2026-06-08,2026-06,0.792
T115,2026-06-08,2026-06,0.8505
T117,2026-06-08,2026-06,1
T121,2026-06-08,2026-06,0.9676
T152,2026-06-08,2026-06,0.8443
T154,2026-06-08,2026-06,0.0933
T180,2026-06-08,2026-06,0.4639
T305,2026-06-08,2026-06,0
T352,2026-06-08,2026-06,0.7449
T400,2026-06-08,2026-06,0.9744
T401,2026-06-08,2026-06,0.7167
T402,2026-06-08,2026-06,0.4117
T408,2026-06-08,2026-06,0.5323
T409,2026-06-08,2026-06,0.9231
T410,2026-06-08,2026-06,0.6049
T411,2026-06-08,2026-06,0.9719
T412,2026-06-08,2026-06,0.9575
T413,2026-06-08,2026-06,0.9802
T414,2026-06-08,2026-06,0.7762
T415,2026-06-08,2026-06,0.6271
T416,2026-06-08,2026-06,0
T417,2026-06-08,2026-06,0.9705
T418,2026-06-08,2026-06,0.7853
T419,2026-06-08,2026-06,0.6932
T451,2026-06-08,2026-06,0.7841
T453,2026-06-08,2026-06,0.6784
T455,2026-06-08,2026-06,0.8564
T457,2026-06-08,2026-06,0.9135
T458,2026-06-08,2026-06,0.8475
T459,2026-06-08,2026-06,0.8642
T460,2026-06-08,2026-06,0.8852
T461,2026-06-08,2026-06,0.9233
T462,2026-06-08,2026-06,0.9292
T463,2026-06-08,2026-06,0.9325
T464,2026-06-08,2026-06,0.8136
T465,2026-06-08,2026-06,0.1738
T505,2026-06-08,2026-06,0.8965
T506,2026-06-08,2026-06,0
T507,2026-06-08,2026-06,0.9535
T509,2026-06-08,2026-06,0.8466
T511,2026-06-08,2026-06,0.8196
T543,2026-06-08,2026-06,0.8531
T544,2026-06-08,2026-06,0
T559,2026-06-08,2026-06,0.7109
T560,2026-06-08,2026-06,0.9205
T561,2026-06-08,2026-06,0.8944
T565,2026-06-08,2026-06,0.9349
T566,2026-06-08,2026-06,0.8209
T567,2026-06-08,2026-06,0.8525
T568,2026-06-08,2026-06,0.7585
T569,2026-06-08,2026-06,0.8257
T585,2026-06-08,2026-06,0.2086
T586,2026-06-08,2026-06,0.8004
T587,2026-06-08,2026-06,0.6531
T588,2026-06-08,2026-06,0.7406
T589,2026-06-08,2026-06,0.8566
T772,2026-06-08,2026-06,0.7319
T801,2026-06-08,2026-06,0.9942
T802,2026-06-08,2026-06,0.8896
T803,2026-06-08,2026-06,0.5812
T804,2026-06-08,2026-06,0.9288
T805,2026-06-08,2026-06,0.9259
T807,2026-06-08,2026-06,0.8684
T808,2026-06-08,2026-06,0.8979
T809,2026-06-08,2026-06,0.5413
T810,2026-06-08,2026-06,0.6818
T811,2026-06-08,2026-06,0.9639
T812,2026-06-08,2026-06,0.4005
T813,2026-06-08,2026-06,0.946
T814,2026-06-08,2026-06,0.9888
T815,2026-06-08,2026-06,0.4721
T816,2026-06-08,2026-06,0.7706
T817,2026-06-08,2026-06,0
T818,2026-06-08,2026-06,0.9353
T821,2026-06-08,2026-06,0
T852,2026-06-08,2026-06,0.6081
T100,2026-06-09,2026-06,1
T101,2026-06-09,2026-06,0.4101
T102,2026-06-09,2026-06,0.4455
T103,2026-06-09,2026-06,0.7941
T104,2026-06-09,2026-06,0.8679
T105,2026-06-09,2026-06,0.8708
T106,2026-06-09,2026-06,0.9469
T107,2026-06-09,2026-06,1
T108,2026-06-09,2026-06,0
T109,2026-06-09,2026-06,0.799
T110,2026-06-09,2026-06,0.8371
T114,2026-06-09,2026-06,0.8444
T115,2026-06-09,2026-06,0.7898
T117,2026-06-09,2026-06,1
T121,2026-06-09,2026-06,0.9457
T152,2026-06-09,2026-06,0
T154,2026-06-09,2026-06,0.8962
T180,2026-06-09,2026-06,0
T305,2026-06-09,2026-06,0.8803
T352,2026-06-09,2026-06,0.5444
T400,2026-06-09,2026-06,0.0725
T401,2026-06-09,2026-06,0.8955
T402,2026-06-09,2026-06,0.8703
T407,2026-06-09,2026-06,0.8014
T408,2026-06-09,2026-06,0.8861
T409,2026-06-09,2026-06,0.9489
T410,2026-06-09,2026-06,0.5872
T411,2026-06-09,2026-06,0.952
T412,2026-06-09,2026-06,0.819
T413,2026-06-09,2026-06,0.9138
T414,2026-06-09,2026-06,0.8188
T415,2026-06-09,2026-06,0.7002
T416,2026-06-09,2026-06,0.826
T417,2026-06-09,2026-06,0.5967
T418,2026-06-09,2026-06,0.6841
T419,2026-06-09,2026-06,0.6288
T451,2026-06-09,2026-06,0.7693
T453,2026-06-09,2026-06,0.819
T455,2026-06-09,2026-06,0.8549
T457,2026-06-09,2026-06,0.9153
T458,2026-06-09,2026-06,0.9048
T459,2026-06-09,2026-06,0.8237
T460,2026-06-09,2026-06,0.7525
T461,2026-06-09,2026-06,0.8677
T462,2026-06-09,2026-06,0.9697
T463,2026-06-09,2026-06,0.9906
T464,2026-06-09,2026-06,0.7529
T465,2026-06-09,2026-06,0
T507,2026-06-09,2026-06,0.7023
T509,2026-06-09,2026-06,0.4058
T511,2026-06-09,2026-06,0.7755
T543,2026-06-09,2026-06,0.8808
T544,2026-06-09,2026-06,0.8922
T559,2026-06-09,2026-06,0.6409
T560,2026-06-09,2026-06,0.9265
T561,2026-06-09,2026-06,0.8844
T565,2026-06-09,2026-06,0.6767
T566,2026-06-09,2026-06,0.8354
T567,2026-06-09,2026-06,0.8317
T568,2026-06-09,2026-06,0.6565
T569,2026-06-09,2026-06,0.8126
T585,2026-06-09,2026-06,0.8355
T586,2026-06-09,2026-06,0.8573
T587,2026-06-09,2026-06,0.8551
T588,2026-06-09,2026-06,0.6668
T589,2026-06-09,2026-06,0.8057
T772,2026-06-09,2026-06,0.237
T801,2026-06-09,2026-06,0.8898
T802,2026-06-09,2026-06,0.5921
T803,2026-06-09,2026-06,0.7817
T804,2026-06-09,2026-06,0
T805,2026-06-09,2026-06,0.9066
T807,2026-06-09,2026-06,0.7218
T808,2026-06-09,2026-06,0.8599
T809,2026-06-09,2026-06,0.9168
T810,2026-06-09,2026-06,0.7375
T811,2026-06-09,2026-06,0.2553
T812,2026-06-09,2026-06,0.0436
T813,2026-06-09,2026-06,0.914
T814,2026-06-09,2026-06,0.9785
T815,2026-06-09,2026-06,0.9063
T816,2026-06-09,2026-06,0.8615
T817,2026-06-09,2026-06,0.6357
T818,2026-06-09,2026-06,0.8621
T821,2026-06-09,2026-06,0.4898
T852,2026-06-09,2026-06,0.4434
T100,2026-06-10,2026-06,0.8821
T101,2026-06-10,2026-06,0.7582
T102,2026-06-10,2026-06,0.8864
T103,2026-06-10,2026-06,0.6919
T104,2026-06-10,2026-06,0.7796
T105,2026-06-10,2026-06,0
T106,2026-06-10,2026-06,0.9531
T107,2026-06-10,2026-06,1
T108,2026-06-10,2026-06,0.7605
T109,2026-06-10,2026-06,0.7822
T110,2026-06-10,2026-06,0.8638
T114,2026-06-10,2026-06,0.6337
T115,2026-06-10,2026-06,0.8863
T117,2026-06-10,2026-06,0.9059
T121,2026-06-10,2026-06,1
T152,2026-06-10,2026-06,0.8378
T154,2026-06-10,2026-06,0.7385
T180,2026-06-10,2026-06,0
T305,2026-06-10,2026-06,0.675
T352,2026-06-10,2026-06,0.7151
T400,2026-06-10,2026-06,0.9263
T401,2026-06-10,2026-06,0.849
T402,2026-06-10,2026-06,0.9687
T408,2026-06-10,2026-06,0.8242
T409,2026-06-10,2026-06,0.9581
T410,2026-06-10,2026-06,0.6729
T411,2026-06-10,2026-06,0.9504
T412,2026-06-10,2026-06,0.9749
T413,2026-06-10,2026-06,0.9815
T414,2026-06-10,2026-06,0.841
T415,2026-06-10,2026-06,0.7744
T416,2026-06-10,2026-06,0.6005
T417,2026-06-10,2026-06,0.3021
T418,2026-06-10,2026-06,0.4746
T419,2026-06-10,2026-06,0.494
T451,2026-06-10,2026-06,0.6149
T453,2026-06-10,2026-06,0.8147
T455,2026-06-10,2026-06,0.9209
T457,2026-06-10,2026-06,0
T458,2026-06-10,2026-06,0.8638
T459,2026-06-10,2026-06,0.8517
T460,2026-06-10,2026-06,0.8872
T461,2026-06-10,2026-06,0.8866
T462,2026-06-10,2026-06,0.7131
T463,2026-06-10,2026-06,0.9005
T464,2026-06-10,2026-06,0.8411
T465,2026-06-10,2026-06,0
T506,2026-06-10,2026-06,0.9317
T507,2026-06-10,2026-06,0.9323
T511,2026-06-10,2026-06,0.8165
T543,2026-06-10,2026-06,0.8582
T544,2026-06-10,2026-06,0.7849
T545,2026-06-10,2026-06,0.5501
T559,2026-06-10,2026-06,0.747
T560,2026-06-10,2026-06,0.9198
T561,2026-06-10,2026-06,0.9525
T565,2026-06-10,2026-06,0.8991
T566,2026-06-10,2026-06,0.9222
T567,2026-06-10,2026-06,0.8769
T568,2026-06-10,2026-06,0.8219
T569,2026-06-10,2026-06,0.8045
T585,2026-06-10,2026-06,0.9293
T586,2026-06-10,2026-06,0.89
T587,2026-06-10,2026-06,0.8747
T588,2026-06-10,2026-06,0.5084
T589,2026-06-10,2026-06,0
T772,2026-06-10,2026-06,0.846
T801,2026-06-10,2026-06,0.9754
T802,2026-06-10,2026-06,0.6014
T803,2026-06-10,2026-06,0.8021
T804,2026-06-10,2026-06,0.8971
T805,2026-06-10,2026-06,0.946
T807,2026-06-10,2026-06,0.7694
T808,2026-06-10,2026-06,0.8883
T809,2026-06-10,2026-06,0.9062
T810,2026-06-10,2026-06,0.5396
T811,2026-06-10,2026-06,0.9831
T812,2026-06-10,2026-06,0.9398
T813,2026-06-10,2026-06,0.9802
T814,2026-06-10,2026-06,0.739
T815,2026-06-10,2026-06,0.947
T816,2026-06-10,2026-06,0.6344
T817,2026-06-10,2026-06,0.8869
T818,2026-06-10,2026-06,0
T821,2026-06-10,2026-06,0.8075
T852,2026-06-10,2026-06,0.5241
T100,2026-06-11,2026-06,0.9795
T101,2026-06-11,2026-06,0.8623
T102,2026-06-11,2026-06,0.9538
T103,2026-06-11,2026-06,0.7549
T104,2026-06-11,2026-06,0.6084
T105,2026-06-11,2026-06,0.953
T106,2026-06-11,2026-06,0.9193
T107,2026-06-11,2026-06,0.9412
T108,2026-06-11,2026-06,0.9009
T109,2026-06-11,2026-06,0.8532
T110,2026-06-11,2026-06,0.8614
T114,2026-06-11,2026-06,0.5307
T115,2026-06-11,2026-06,0.8522
T117,2026-06-11,2026-06,1
T121,2026-06-11,2026-06,0.9283
T152,2026-06-11,2026-06,0.5274
T154,2026-06-11,2026-06,0.8793
T180,2026-06-11,2026-06,0.9945
T305,2026-06-11,2026-06,0.8502
T352,2026-06-11,2026-06,0.7888
T400,2026-06-11,2026-06,0.8866
T401,2026-06-11,2026-06,0.8566
T402,2026-06-11,2026-06,0.5201
T408,2026-06-11,2026-06,0.5994
T409,2026-06-11,2026-06,0.8777
T410,2026-06-11,2026-06,0.6222
T411,2026-06-11,2026-06,0.7078
T412,2026-06-11,2026-06,0.9536
T413,2026-06-11,2026-06,0.9776
T414,2026-06-11,2026-06,0.9
T415,2026-06-11,2026-06,0.7401
T416,2026-06-11,2026-06,0.3904
T417,2026-06-11,2026-06,0.846
T418,2026-06-11,2026-06,0.8642
T419,2026-06-11,2026-06,0.6918
T451,2026-06-11,2026-06,0.8022
T453,2026-06-11,2026-06,0.886
T455,2026-06-11,2026-06,0.973
T457,2026-06-11,2026-06,0.9518
T458,2026-06-11,2026-06,0.8847
T459,2026-06-11,2026-06,0.8854
T460,2026-06-11,2026-06,0.4024
T461,2026-06-11,2026-06,0.9105
T462,2026-06-11,2026-06,0.965
T463,2026-06-11,2026-06,0.2176
T464,2026-06-11,2026-06,0.4859
T465,2026-06-11,2026-06,0.9176
T509,2026-06-11,2026-06,0.7979
T511,2026-06-11,2026-06,0.8196
T543,2026-06-11,2026-06,0.8604
T544,2026-06-11,2026-06,0.8993
T545,2026-06-11,2026-06,0.3827
T559,2026-06-11,2026-06,0.6917
T560,2026-06-11,2026-06,0.9036
T561,2026-06-11,2026-06,0.9518
T565,2026-06-11,2026-06,0.8251
T566,2026-06-11,2026-06,0.9117
T567,2026-06-11,2026-06,0.8515
T568,2026-06-11,2026-06,0.7655
T569,2026-06-11,2026-06,0.8498
T585,2026-06-11,2026-06,0.8885
T586,2026-06-11,2026-06,0.8924
T587,2026-06-11,2026-06,0.8893
T588,2026-06-11,2026-06,0.756
T589,2026-06-11,2026-06,0.8382
T772,2026-06-11,2026-06,0.7461
T801,2026-06-11,2026-06,0.9664
T802,2026-06-11,2026-06,0.6969
T803,2026-06-11,2026-06,1
T804,2026-06-11,2026-06,0
T805,2026-06-11,2026-06,0.8153
T807,2026-06-11,2026-06,0.8495
T808,2026-06-11,2026-06,0.9331
T809,2026-06-11,2026-06,0.9186
T810,2026-06-11,2026-06,0.7153
T811,2026-06-11,2026-06,0.9522
T812,2026-06-11,2026-06,0.2511
T813,2026-06-11,2026-06,0.9207
T814,2026-06-11,2026-06,0.968
T815,2026-06-11,2026-06,0.5425
T816,2026-06-11,2026-06,0.894
T817,2026-06-11,2026-06,0.8386
T818,2026-06-11,2026-06,0.8905
T821,2026-06-11,2026-06,0.8694
T852,2026-06-11,2026-06,0.8275
T100,2026-06-12,2026-06,0.9666
T101,2026-06-12,2026-06,0.8947
T102,2026-06-12,2026-06,0.9509
T103,2026-06-12,2026-06,0.8966
T104,2026-06-12,2026-06,0.839
T105,2026-06-12,2026-06,0.9775
T106,2026-06-12,2026-06,0.9341
T107,2026-06-12,2026-06,0.9899
T108,2026-06-12,2026-06,0.8169
T109,2026-06-12,2026-06,0.8758
T110,2026-06-12,2026-06,0.872
T114,2026-06-12,2026-06,0.7861
T115,2026-06-12,2026-06,0.9254
T117,2026-06-12,2026-06,1
T121,2026-06-12,2026-06,0.9382
T152,2026-06-12,2026-06,0.787
T154,2026-06-12,2026-06,0.9385
T180,2026-06-12,2026-06,0.9352
T305,2026-06-12,2026-06,0.9001
T352,2026-06-12,2026-06,0.7388
T400,2026-06-12,2026-06,0.8875
T401,2026-06-12,2026-06,0.8884
T402,2026-06-12,2026-06,0.9213
T408,2026-06-12,2026-06,0.9235
T409,2026-06-12,2026-06,0.9203
T410,2026-06-12,2026-06,0.5245
T411,2026-06-12,2026-06,0.9407
T412,2026-06-12,2026-06,0.9904
T413,2026-06-12,2026-06,0.9452
T414,2026-06-12,2026-06,0.9069
T415,2026-06-12,2026-06,0.0672
T416,2026-06-12,2026-06,0.2173
T417,2026-06-12,2026-06,0.7453
T418,2026-06-12,2026-06,0.8864
T419,2026-06-12,2026-06,0.8361
T451,2026-06-12,2026-06,0.7724
T453,2026-06-12,2026-06,0.9252
T455,2026-06-12,2026-06,0.9852
T457,2026-06-12,2026-06,0.9101
T458,2026-06-12,2026-06,0.8848
T459,2026-06-12,2026-06,0.9219
T460,2026-06-12,2026-06,0.6669
T461,2026-06-12,2026-06,0.6235
T462,2026-06-12,2026-06,0
T463,2026-06-12,2026-06,0.6608
T464,2026-06-12,2026-06,0.8049
T465,2026-06-12,2026-06,0.9204
T505,2026-06-12,2026-06,0.7965
T509,2026-06-12,2026-06,0.7597
T511,2026-06-12,2026-06,0.7926
T543,2026-06-12,2026-06,0.8579
T544,2026-06-12,2026-06,0.8989
T559,2026-06-12,2026-06,0.5834
T560,2026-06-12,2026-06,0.9258
T561,2026-06-12,2026-06,0.8865
T565,2026-06-12,2026-06,0.9031
T566,2026-06-12,2026-06,0.9287
T567,2026-06-12,2026-06,0.8002
T568,2026-06-12,2026-06,0.8399
T569,2026-06-12,2026-06,0.6196
T585,2026-06-12,2026-06,0.7733
T586,2026-06-12,2026-06,0.9215
T587,2026-06-12,2026-06,0.9472
T588,2026-06-12,2026-06,0.8737
T589,2026-06-12,2026-06,0.8145
T772,2026-06-12,2026-06,0.6995
T801,2026-06-12,2026-06,0.2524
T802,2026-06-12,2026-06,0.3991
T803,2026-06-12,2026-06,0.9284
T804,2026-06-12,2026-06,0.9472
T805,2026-06-12,2026-06,0.9111
T807,2026-06-12,2026-06,0.7948
T808,2026-06-12,2026-06,0.8831
T809,2026-06-12,2026-06,0.9411
T810,2026-06-12,2026-06,0.7605
T811,2026-06-12,2026-06,0.9712
T812,2026-06-12,2026-06,0.8688
T813,2026-06-12,2026-06,0.9576
T814,2026-06-12,2026-06,0.9689
T815,2026-06-12,2026-06,0.9202
T816,2026-06-12,2026-06,0.9033
T817,2026-06-12,2026-06,0.8792
T818,2026-06-12,2026-06,0.8685
T821,2026-06-12,2026-06,0.8911
T852,2026-06-12,2026-06,0.8575
T100,2026-06-15,2026-06,0.9832
T101,2026-06-15,2026-06,0.8789
T102,2026-06-15,2026-06,0.9082
T103,2026-06-15,2026-06,0.7534
T104,2026-06-15,2026-06,0.9551
T105,2026-06-15,2026-06,0.7449
T106,2026-06-15,2026-06,0.9377
T107,2026-06-15,2026-06,1
T108,2026-06-15,2026-06,0.7568
T109,2026-06-15,2026-06,0.8953
T110,2026-06-15,2026-06,0.6097
T114,2026-06-15,2026-06,0
T115,2026-06-15,2026-06,0.4738
T117,2026-06-15,2026-06,1
T121,2026-06-15,2026-06,0.9802
T152,2026-06-15,2026-06,0.8739
T154,2026-06-15,2026-06,0
T180,2026-06-15,2026-06,0.9281
T305,2026-06-15,2026-06,0.8701
T352,2026-06-15,2026-06,0.7832
T400,2026-06-15,2026-06,0
T401,2026-06-15,2026-06,0.8917
T402,2026-06-15,2026-06,0.9529
T407,2026-06-15,2026-06,0.631
T408,2026-06-15,2026-06,0.7118
T409,2026-06-15,2026-06,0.8689
T410,2026-06-15,2026-06,0.5318
T411,2026-06-15,2026-06,0.9813
T412,2026-06-15,2026-06,0.9923
T413,2026-06-15,2026-06,0.9799
T414,2026-06-15,2026-06,0.8359
T415,2026-06-15,2026-06,0.7304
T416,2026-06-15,2026-06,0.8792
T417,2026-06-15,2026-06,0.8981
T418,2026-06-15,2026-06,0.7364
T419,2026-06-15,2026-06,0.7278
T451,2026-06-15,2026-06,0.7651
T453,2026-06-15,2026-06,0.861
T455,2026-06-15,2026-06,0.9749
T457,2026-06-15,2026-06,0.9131
T458,2026-06-15,2026-06,0.7048
T459,2026-06-15,2026-06,0.8233
T460,2026-06-15,2026-06,0.8259
T461,2026-06-15,2026-06,0.9069
T462,2026-06-15,2026-06,0.8868
T463,2026-06-15,2026-06,0.9758
T464,2026-06-15,2026-06,0.5264
T465,2026-06-15,2026-06,0.871
T504,2026-06-15,2026-06,0.9452
T509,2026-06-15,2026-06,0.2038
T511,2026-06-15,2026-06,0.8703
T543,2026-06-15,2026-06,0.8858
T544,2026-06-15,2026-06,0.9102
T545,2026-06-15,2026-06,0.5034
T559,2026-06-15,2026-06,0.6886
T560,2026-06-15,2026-06,0.8259
T561,2026-06-15,2026-06,0.9245
T565,2026-06-15,2026-06,0.8288
T566,2026-06-15,2026-06,0.9187
T567,2026-06-15,2026-06,0.863
T568,2026-06-15,2026-06,0.8702
T569,2026-06-15,2026-06,0.6539
T585,2026-06-15,2026-06,0.7325
T586,2026-06-15,2026-06,0.8865
T587,2026-06-15,2026-06,0.9087
T588,2026-06-15,2026-06,0.7687
T589,2026-06-15,2026-06,0.8301
T772,2026-06-15,2026-06,0.6125
T801,2026-06-15,2026-06,0.0788
T802,2026-06-15,2026-06,0.8614
T803,2026-06-15,2026-06,0.8888
T804,2026-06-15,2026-06,0.168
T805,2026-06-15,2026-06,0.8656
T807,2026-06-15,2026-06,0.5272
T808,2026-06-15,2026-06,0.8862
T809,2026-06-15,2026-06,0.9338
T810,2026-06-15,2026-06,0.7551
T811,2026-06-15,2026-06,0.9702
T812,2026-06-15,2026-06,0.8577
T813,2026-06-15,2026-06,0.9423
T814,2026-06-15,2026-06,0.9508
T815,2026-06-15,2026-06,0.871
T816,2026-06-15,2026-06,0.9007
T817,2026-06-15,2026-06,0.8018
T818,2026-06-15,2026-06,0.7737
T821,2026-06-15,2026-06,0.8666
T852,2026-06-15,2026-06,0.7411
T100,2026-06-16,2026-06,0.9584
T101,2026-06-16,2026-06,0.648
T102,2026-06-16,2026-06,0.9157
T103,2026-06-16,2026-06,0.8592
T104,2026-06-16,2026-06,0.7477
T105,2026-06-16,2026-06,0.9553
T106,2026-06-16,2026-06,0.9756
T107,2026-06-16,2026-06,0.7857
T108,2026-06-16,2026-06,0.6691
T109,2026-06-16,2026-06,0.7966
T110,2026-06-16,2026-06,0.8004
T114,2026-06-16,2026-06,0.804
T115,2026-06-16,2026-06,0.8461
T117,2026-06-16,2026-06,0.9914
T121,2026-06-16,2026-06,0.9413
T152,2026-06-16,2026-06,0.423
T154,2026-06-16,2026-06,0.9093
T180,2026-06-16,2026-06,0.9585
T305,2026-06-16,2026-06,0.7227
T352,2026-06-16,2026-06,0.7684
T400,2026-06-16,2026-06,0.8934
T401,2026-06-16,2026-06,0.7946
T402,2026-06-16,2026-06,0.9656
T408,2026-06-16,2026-06,0.8605
T409,2026-06-16,2026-06,0.8165
T410,2026-06-16,2026-06,0.6338
T411,2026-06-16,2026-06,0.9598
T412,2026-06-16,2026-06,0.9855
T413,2026-06-16,2026-06,0.983
T414,2026-06-16,2026-06,0.1404
T415,2026-06-16,2026-06,0.4679
T416,2026-06-16,2026-06,0.7571
T417,2026-06-16,2026-06,0.8902
T418,2026-06-16,2026-06,0.6723
T419,2026-06-16,2026-06,0.226
T451,2026-06-16,2026-06,0.7291
T453,2026-06-16,2026-06,0.6872
T455,2026-06-16,2026-06,0.9482
T457,2026-06-16,2026-06,0.9458
T458,2026-06-16,2026-06,0.8832
T459,2026-06-16,2026-06,0.8434
T460,2026-06-16,2026-06,0
T461,2026-06-16,2026-06,0.6986
T462,2026-06-16,2026-06,0.4697
T463,2026-06-16,2026-06,0.9522
T464,2026-06-16,2026-06,0.7338
T465,2026-06-16,2026-06,0.1286
T504,2026-06-16,2026-06,0.9083
T509,2026-06-16,2026-06,0.7527
T511,2026-06-16,2026-06,0.7932
T543,2026-06-16,2026-06,0.8272
T544,2026-06-16,2026-06,0.5042
T559,2026-06-16,2026-06,0.72
T560,2026-06-16,2026-06,0.8891
T561,2026-06-16,2026-06,0.6016
T565,2026-06-16,2026-06,0.7806
T566,2026-06-16,2026-06,0.2778
T567,2026-06-16,2026-06,1
T568,2026-06-16,2026-06,0.7953
T569,2026-06-16,2026-06,0.6359
T585,2026-06-16,2026-06,0.8312
T586,2026-06-16,2026-06,0.9459
T587,2026-06-16,2026-06,0.9212
T588,2026-06-16,2026-06,0.6841
T589,2026-06-16,2026-06,0.9071
T772,2026-06-16,2026-06,0.7857
T801,2026-06-16,2026-06,0.6903
T802,2026-06-16,2026-06,0.748
T803,2026-06-16,2026-06,0.7883
T804,2026-06-16,2026-06,0.8621
T805,2026-06-16,2026-06,0.9225
T807,2026-06-16,2026-06,0.8844
T808,2026-06-16,2026-06,0.9192
T809,2026-06-16,2026-06,0.9236
T810,2026-06-16,2026-06,0.7405
T811,2026-06-16,2026-06,0.976
T812,2026-06-16,2026-06,0.8408
T813,2026-06-16,2026-06,0.9296
T814,2026-06-16,2026-06,0.9498
T815,2026-06-16,2026-06,0.8097
T816,2026-06-16,2026-06,0.5013
T817,2026-06-16,2026-06,0.6334
T818,2026-06-16,2026-06,0.8531
T821,2026-06-16,2026-06,0.8144
T852,2026-06-16,2026-06,0.6214
T100,2026-06-18,2026-06,0.9667
T101,2026-06-18,2026-06,0.9109
T102,2026-06-18,2026-06,0.969
T103,2026-06-18,2026-06,0.8694
T104,2026-06-18,2026-06,0.892
T105,2026-06-18,2026-06,0.983
T106,2026-06-18,2026-06,0.9785
T107,2026-06-18,2026-06,1
T108,2026-06-18,2026-06,0.8859
T109,2026-06-18,2026-06,0.7375
T110,2026-06-18,2026-06,0.891
T114,2026-06-18,2026-06,0.7808
T115,2026-06-18,2026-06,0.899
T117,2026-06-18,2026-06,1
T121,2026-06-18,2026-06,1
T152,2026-06-18,2026-06,0.8838
T154,2026-06-18,2026-06,0.9091
T180,2026-06-18,2026-06,0.9745
T305,2026-06-18,2026-06,0.7581
T352,2026-06-18,2026-06,0.783
T400,2026-06-18,2026-06,0.9398
T401,2026-06-18,2026-06,0.9096
T402,2026-06-18,2026-06,0.9548
T408,2026-06-18,2026-06,0.8842
T409,2026-06-18,2026-06,0.9071
T410,2026-06-18,2026-06,0.5869
T411,2026-06-18,2026-06,0.937
T412,2026-06-18,2026-06,0.9187
T413,2026-06-18,2026-06,1
T414,2026-06-18,2026-06,0.8581
T415,2026-06-18,2026-06,0.5281
T416,2026-06-18,2026-06,0.7686
T417,2026-06-18,2026-06,0.281
T418,2026-06-18,2026-06,0.7796
T419,2026-06-18,2026-06,0.6977
T451,2026-06-18,2026-06,0.7149
T453,2026-06-18,2026-06,0.6429
T455,2026-06-18,2026-06,0.866
T457,2026-06-18,2026-06,0.9521
T458,2026-06-18,2026-06,0.8776
T459,2026-06-18,2026-06,0.8192
T460,2026-06-18,2026-06,0.8838
T461,2026-06-18,2026-06,0
T462,2026-06-18,2026-06,1
T463,2026-06-18,2026-06,0.9341
T464,2026-06-18,2026-06,0.7442
T465,2026-06-18,2026-06,0.833
T504,2026-06-18,2026-06,0.8483
T505,2026-06-18,2026-06,0.9098
T509,2026-06-18,2026-06,0.8147
T511,2026-06-18,2026-06,0.8035
T543,2026-06-18,2026-06,0.8667
T544,2026-06-18,2026-06,0
T559,2026-06-18,2026-06,0.7931
T560,2026-06-18,2026-06,0.9203
T561,2026-06-18,2026-06,0.9481
T565,2026-06-18,2026-06,0.8768
T566,2026-06-18,2026-06,0
T567,2026-06-18,2026-06,0.2731
T568,2026-06-18,2026-06,0.8316
T569,2026-06-18,2026-06,0.7718
T585,2026-06-18,2026-06,0.3047
T586,2026-06-18,2026-06,0.875
T587,2026-06-18,2026-06,0.9782
T588,2026-06-18,2026-06,0.9247
T589,2026-06-18,2026-06,0.8317
T772,2026-06-18,2026-06,0.6976
T801,2026-06-18,2026-06,0.8991
T802,2026-06-18,2026-06,0.8963
T803,2026-06-18,2026-06,0.756
T804,2026-06-18,2026-06,0.8399
T805,2026-06-18,2026-06,0.9613
T807,2026-06-18,2026-06,0.8596
T808,2026-06-18,2026-06,0.9027
T809,2026-06-18,2026-06,0.9518
T810,2026-06-18,2026-06,0.7601
T811,2026-06-18,2026-06,0.9791
T812,2026-06-18,2026-06,0
T813,2026-06-18,2026-06,0.9384
T814,2026-06-18,2026-06,0.8793
T815,2026-06-18,2026-06,0.8827
T816,2026-06-18,2026-06,0.709
T817,2026-06-18,2026-06,0.8155
T818,2026-06-18,2026-06,0.7551
T821,2026-06-18,2026-06,0.7583
T852,2026-06-18,2026-06,0.8421
T100,2026-06-19,2026-06,1
T101,2026-06-19,2026-06,0.8668
T102,2026-06-19,2026-06,0.8507
T103,2026-06-19,2026-06,0.7875
T104,2026-06-19,2026-06,0.7987
T105,2026-06-19,2026-06,0.9905
T106,2026-06-19,2026-06,0.9603
T107,2026-06-19,2026-06,0.8502
T108,2026-06-19,2026-06,0.8541
T109,2026-06-19,2026-06,0.7879
T110,2026-06-19,2026-06,0.8405
T114,2026-06-19,2026-06,0.8535
T115,2026-06-19,2026-06,0.8673
T117,2026-06-19,2026-06,0.9636
T121,2026-06-19,2026-06,0.9055
T152,2026-06-19,2026-06,0.9217
T154,2026-06-19,2026-06,0.8935
T180,2026-06-19,2026-06,0.9161
T305,2026-06-19,2026-06,0.7503
T352,2026-06-19,2026-06,0.8286
T400,2026-06-19,2026-06,0.9645
T401,2026-06-19,2026-06,0
T402,2026-06-19,2026-06,0.8275
T408,2026-06-19,2026-06,0.8891
T409,2026-06-19,2026-06,0.94
T410,2026-06-19,2026-06,0.5376
T411,2026-06-19,2026-06,0.7313
T412,2026-06-19,2026-06,0.9821
T413,2026-06-19,2026-06,0.8827
T414,2026-06-19,2026-06,0.6535
T415,2026-06-19,2026-06,0.7568
T416,2026-06-19,2026-06,0.885
T417,2026-06-19,2026-06,0.8985
T418,2026-06-19,2026-06,0.8601
T419,2026-06-19,2026-06,0.7502
T451,2026-06-19,2026-06,0.3744
T453,2026-06-19,2026-06,0.9171
T455,2026-06-19,2026-06,0.9068
T457,2026-06-19,2026-06,0.3106
T458,2026-06-19,2026-06,0.7716
T459,2026-06-19,2026-06,0.8
T460,2026-06-19,2026-06,0.8524
T461,2026-06-19,2026-06,0.8205
T462,2026-06-19,2026-06,0
T463,2026-06-19,2026-06,0.925
T464,2026-06-19,2026-06,0.7578
T465,2026-06-19,2026-06,0.8843
T504,2026-06-19,2026-06,0.9185
T506,2026-06-19,2026-06,0
T511,2026-06-19,2026-06,0
T543,2026-06-19,2026-06,0.9657
T544,2026-06-19,2026-06,0.8384
T559,2026-06-19,2026-06,0.6006
T560,2026-06-19,2026-06,0.878
T561,2026-06-19,2026-06,0.943
T565,2026-06-19,2026-06,0.9172
T566,2026-06-19,2026-06,0.9625
T567,2026-06-19,2026-06,0.4993
T568,2026-06-19,2026-06,0
T569,2026-06-19,2026-06,0.7536
T585,2026-06-19,2026-06,0.7917
T586,2026-06-19,2026-06,0.8762
T587,2026-06-19,2026-06,0
T588,2026-06-19,2026-06,0.5313
T589,2026-06-19,2026-06,0.8591
T772,2026-06-19,2026-06,0.6832
T801,2026-06-19,2026-06,0.9661
T802,2026-06-19,2026-06,0.842
T803,2026-06-19,2026-06,0.6448
T804,2026-06-19,2026-06,0.9323
T805,2026-06-19,2026-06,0.9595
T807,2026-06-19,2026-06,0.8329
T808,2026-06-19,2026-06,0.8517
T809,2026-06-19,2026-06,0.9566
T810,2026-06-19,2026-06,0.7515
T811,2026-06-19,2026-06,0.9775
T812,2026-06-19,2026-06,0.9101
T813,2026-06-19,2026-06,0.9489
T814,2026-06-19,2026-06,0.9834
T815,2026-06-19,2026-06,0.9008
T816,2026-06-19,2026-06,0.0446
T817,2026-06-19,2026-06,0.8072
T818,2026-06-19,2026-06,0.8974
T821,2026-06-19,2026-06,0.9113
T852,2026-06-19,2026-06,0.8454
T100,2026-06-22,2026-06,0.8787
T101,2026-06-22,2026-06,0.6812
T102,2026-06-22,2026-06,0
T103,2026-06-22,2026-06,0.7584
T104,2026-06-22,2026-06,0.0227
T105,2026-06-22,2026-06,0.7591
T106,2026-06-22,2026-06,0.2766
T107,2026-06-22,2026-06,0.8808
T108,2026-06-22,2026-06,0.8619
T109,2026-06-22,2026-06,0.6109
T110,2026-06-22,2026-06,0.4992
T114,2026-06-22,2026-06,0.5689
T115,2026-06-22,2026-06,0.5654
T117,2026-06-22,2026-06,1
T121,2026-06-22,2026-06,0.9684
T152,2026-06-22,2026-06,0.7837
T154,2026-06-22,2026-06,0.9396
T180,2026-06-22,2026-06,0.2359
T305,2026-06-22,2026-06,0.8267
T352,2026-06-22,2026-06,0.7421
T400,2026-06-22,2026-06,0.5205
T401,2026-06-22,2026-06,0.5576
T402,2026-06-22,2026-06,0
T408,2026-06-22,2026-06,0.8671
T409,2026-06-22,2026-06,0.9399
T410,2026-06-22,2026-06,0.5764
T411,2026-06-22,2026-06,0.3412
T412,2026-06-22,2026-06,0.9868
T413,2026-06-22,2026-06,0.8783
T414,2026-06-22,2026-06,0.1977
T415,2026-06-22,2026-06,0.4489
T416,2026-06-22,2026-06,0.3372
T417,2026-06-22,2026-06,0.4459
T418,2026-06-22,2026-06,0.6808
T419,2026-06-22,2026-06,0.0318
T451,2026-06-22,2026-06,0.6432
T453,2026-06-22,2026-06,0.8298
T455,2026-06-22,2026-06,0.9347
T457,2026-06-22,2026-06,0.2805
T458,2026-06-22,2026-06,0.2688
T459,2026-06-22,2026-06,0.302
T460,2026-06-22,2026-06,0.8267
T461,2026-06-22,2026-06,0.9282
T462,2026-06-22,2026-06,0.6379
T463,2026-06-22,2026-06,0.9699
T464,2026-06-22,2026-06,0.828
T465,2026-06-22,2026-06,0.8478
T505,2026-06-22,2026-06,0.8657
T509,2026-06-22,2026-06,0.6033
T511,2026-06-22,2026-06,0.6573
T543,2026-06-22,2026-06,0.905
T544,2026-06-22,2026-06,0.7081
T559,2026-06-22,2026-06,0.4615
T560,2026-06-22,2026-06,0.8759
T561,2026-06-22,2026-06,0.5798
T565,2026-06-22,2026-06,0.3834
T566,2026-06-22,2026-06,0.7728
T567,2026-06-22,2026-06,0.0386
T568,2026-06-22,2026-06,0.7633
T569,2026-06-22,2026-06,0.7223
T585,2026-06-22,2026-06,0.9576
T586,2026-06-22,2026-06,0
T587,2026-06-22,2026-06,0.3013
T588,2026-06-22,2026-06,0.6728
T589,2026-06-22,2026-06,0.877
T772,2026-06-22,2026-06,0.457
T801,2026-06-22,2026-06,0.9806
T802,2026-06-22,2026-06,0.7817
T803,2026-06-22,2026-06,0.8085
T804,2026-06-22,2026-06,0
T805,2026-06-22,2026-06,0.7209
T807,2026-06-22,2026-06,0.777
T808,2026-06-22,2026-06,0.9134
T809,2026-06-22,2026-06,0.9249
T810,2026-06-22,2026-06,0.7162
T811,2026-06-22,2026-06,0
T812,2026-06-22,2026-06,0.8691
T813,2026-06-22,2026-06,0.8695
T814,2026-06-22,2026-06,0.983
T815,2026-06-22,2026-06,0.8704
T816,2026-06-22,2026-06,0.8882
T817,2026-06-22,2026-06,0.7422
T818,2026-06-22,2026-06,0.6908
T821,2026-06-22,2026-06,0.7073
T852,2026-06-22,2026-06,0.5222
T100,2026-06-23,2026-06,1
T101,2026-06-23,2026-06,0.9056
T102,2026-06-23,2026-06,0.9358
T103,2026-06-23,2026-06,0.9563
T104,2026-06-23,2026-06,0.2984
T105,2026-06-23,2026-06,0.3615
T106,2026-06-23,2026-06,0.9552
T107,2026-06-23,2026-06,1
T108,2026-06-23,2026-06,0.8319
T109,2026-06-23,2026-06,0.8505
T110,2026-06-23,2026-06,0.8796
T114,2026-06-23,2026-06,0
T115,2026-06-23,2026-06,0.8397
T117,2026-06-23,2026-06,1
T121,2026-06-23,2026-06,0.9619
T152,2026-06-23,2026-06,0.7046
T154,2026-06-23,2026-06,0.7847
T180,2026-06-23,2026-06,0.9283
T305,2026-06-23,2026-06,0.9657
T352,2026-06-23,2026-06,0.6726
T400,2026-06-23,2026-06,0.8345
T401,2026-06-23,2026-06,0.8589
T402,2026-06-23,2026-06,0.9423
T408,2026-06-23,2026-06,0.9269
T409,2026-06-23,2026-06,0.927
T410,2026-06-23,2026-06,0.5514
T411,2026-06-23,2026-06,1
T412,2026-06-23,2026-06,1
T413,2026-06-23,2026-06,0.9875
T414,2026-06-23,2026-06,0.8572
T415,2026-06-23,2026-06,0.738
T416,2026-06-23,2026-06,0.6066
T417,2026-06-23,2026-06,0
T418,2026-06-23,2026-06,0.8376
T419,2026-06-23,2026-06,0.7532
T451,2026-06-23,2026-06,0.8017
T453,2026-06-23,2026-06,0.8985
T455,2026-06-23,2026-06,0.8249
T457,2026-06-23,2026-06,0.9238
T458,2026-06-23,2026-06,0.8927
T459,2026-06-23,2026-06,0.8638
T460,2026-06-23,2026-06,0.8923
T461,2026-06-23,2026-06,0.8303
T462,2026-06-23,2026-06,0.8976
T463,2026-06-23,2026-06,0.6039
T464,2026-06-23,2026-06,0.7999
T465,2026-06-23,2026-06,0.8734
T505,2026-06-23,2026-06,0.8847
T506,2026-06-23,2026-06,0.8626
T507,2026-06-23,2026-06,1
T509,2026-06-23,2026-06,0.8161
T511,2026-06-23,2026-06,0.6961
T543,2026-06-23,2026-06,0.8725
T544,2026-06-23,2026-06,0.9137
T545,2026-06-23,2026-06,0.5498
T559,2026-06-23,2026-06,0.8033
T560,2026-06-23,2026-06,0.8607
T561,2026-06-23,2026-06,0.9194
T565,2026-06-23,2026-06,0.7789
T566,2026-06-23,2026-06,0.899
T567,2026-06-23,2026-06,0.8849
T568,2026-06-23,2026-06,0.1353
T569,2026-06-23,2026-06,0.1374
T585,2026-06-23,2026-06,0.744
T586,2026-06-23,2026-06,0.9598
T587,2026-06-23,2026-06,1
T588,2026-06-23,2026-06,0.8312
T589,2026-06-23,2026-06,0.8724
T772,2026-06-23,2026-06,0.3168
T801,2026-06-23,2026-06,0
T802,2026-06-23,2026-06,0
T803,2026-06-23,2026-06,0.8721
T804,2026-06-23,2026-06,0.8035
T805,2026-06-23,2026-06,0.9234
T807,2026-06-23,2026-06,0.7802
T808,2026-06-23,2026-06,0.934
T809,2026-06-23,2026-06,0.9481
T810,2026-06-23,2026-06,0.7664
T811,2026-06-23,2026-06,0.9844
T812,2026-06-23,2026-06,0
T813,2026-06-23,2026-06,0.9827
T814,2026-06-23,2026-06,0.9621
T815,2026-06-23,2026-06,0.8624
T816,2026-06-23,2026-06,0.7408
T817,2026-06-23,2026-06,0.7585
T818,2026-06-23,2026-06,0.5452
T821,2026-06-23,2026-06,0.85
T852,2026-06-23,2026-06,0.038
T100,2026-06-24,2026-06,1
T101,2026-06-24,2026-06,0.7415
T102,2026-06-24,2026-06,0.9622
T103,2026-06-24,2026-06,0.8269
T104,2026-06-24,2026-06,0.9179
T105,2026-06-24,2026-06,0.9848
T106,2026-06-24,2026-06,0.8542
T107,2026-06-24,2026-06,0.8825
T108,2026-06-24,2026-06,0.4143
T109,2026-06-24,2026-06,0.9361
T110,2026-06-24,2026-06,0.9106
T114,2026-06-24,2026-06,0.7146
T115,2026-06-24,2026-06,0.7412
T117,2026-06-24,2026-06,1
T121,2026-06-24,2026-06,0.9747
T152,2026-06-24,2026-06,0.8405
T154,2026-06-24,2026-06,0.787
T180,2026-06-24,2026-06,0.8868
T305,2026-06-24,2026-06,0.8378
T352,2026-06-24,2026-06,0.5197
T400,2026-06-24,2026-06,0.9392
T401,2026-06-24,2026-06,0.555
T402,2026-06-24,2026-06,0.9173
T408,2026-06-24,2026-06,0.8582
T409,2026-06-24,2026-06,0.9255
T410,2026-06-24,2026-06,0.6703
T411,2026-06-24,2026-06,0.8338
T412,2026-06-24,2026-06,0.9404
T413,2026-06-24,2026-06,0.9676
T414,2026-06-24,2026-06,0.5377
T415,2026-06-24,2026-06,0.6901
T416,2026-06-24,2026-06,0.3677
T417,2026-06-24,2026-06,0.2425
T418,2026-06-24,2026-06,0.8055
T419,2026-06-24,2026-06,0.6631
T451,2026-06-24,2026-06,0.5433
T453,2026-06-24,2026-06,0.8815
T455,2026-06-24,2026-06,0.8378
T457,2026-06-24,2026-06,0.9315
T458,2026-06-24,2026-06,0.8768
T459,2026-06-24,2026-06,0.6548
T460,2026-06-24,2026-06,0.8957
T461,2026-06-24,2026-06,0.7377
T462,2026-06-24,2026-06,0.3551
T463,2026-06-24,2026-06,0.8755
T464,2026-06-24,2026-06,0.7972
T465,2026-06-24,2026-06,0.639
T509,2026-06-24,2026-06,0.8246
T511,2026-06-24,2026-06,0.7862
T543,2026-06-24,2026-06,0.8693
T544,2026-06-24,2026-06,0.2634
T545,2026-06-24,2026-06,0.4867
T559,2026-06-24,2026-06,0.6523
T560,2026-06-24,2026-06,0.9026
T561,2026-06-24,2026-06,0.6592
T565,2026-06-24,2026-06,0.4962
T566,2026-06-24,2026-06,0.4293
T567,2026-06-24,2026-06,0.8959
T568,2026-06-24,2026-06,0.7542
T569,2026-06-24,2026-06,0.721
T585,2026-06-24,2026-06,0.1344
T586,2026-06-24,2026-06,0.915
T587,2026-06-24,2026-06,0.9778
T588,2026-06-24,2026-06,0.7979
T589,2026-06-24,2026-06,0.8276
T772,2026-06-24,2026-06,0.7884
T801,2026-06-24,2026-06,0.7271
T802,2026-06-24,2026-06,0.2352
T803,2026-06-24,2026-06,0.7797
T804,2026-06-24,2026-06,0.6835
T805,2026-06-24,2026-06,0.9189
T807,2026-06-24,2026-06,0.8158
T808,2026-06-24,2026-06,0.862
T809,2026-06-24,2026-06,0.8742
T810,2026-06-24,2026-06,0.6913
T811,2026-06-24,2026-06,0.6872
T812,2026-06-24,2026-06,0.8309
T813,2026-06-24,2026-06,0.9014
T814,2026-06-24,2026-06,0.8943
T815,2026-06-24,2026-06,0.8654
T816,2026-06-24,2026-06,0.743
T817,2026-06-24,2026-06,0.7461
T818,2026-06-24,2026-06,0.5267
T821,2026-06-24,2026-06,0.7608
T852,2026-06-24,2026-06,0.6342
T100,2026-06-25,2026-06,0.9844
T101,2026-06-25,2026-06,0.8112
T102,2026-06-25,2026-06,0.3666
T103,2026-06-25,2026-06,0.5704
T104,2026-06-25,2026-06,0.7534
T105,2026-06-25,2026-06,0.9588
T106,2026-06-25,2026-06,0.8389
T107,2026-06-25,2026-06,0.8961
T108,2026-06-25,2026-06,0.5102
T109,2026-06-25,2026-06,0.8376
T110,2026-06-25,2026-06,0.8623
T114,2026-06-25,2026-06,0.7662
T115,2026-06-25,2026-06,0.7333
T117,2026-06-25,2026-06,1
T121,2026-06-25,2026-06,0.9753
T152,2026-06-25,2026-06,0.8691
T154,2026-06-25,2026-06,0.2917
T180,2026-06-25,2026-06,0
T305,2026-06-25,2026-06,0.3403
T352,2026-06-25,2026-06,0.6439
T400,2026-06-25,2026-06,0.2106
T401,2026-06-25,2026-06,0
T402,2026-06-25,2026-06,0.364
T408,2026-06-25,2026-06,0.606
T409,2026-06-25,2026-06,0.9185
T410,2026-06-25,2026-06,0.4661
T411,2026-06-25,2026-06,0.8172
T412,2026-06-25,2026-06,0.9396
T413,2026-06-25,2026-06,0.8286
T414,2026-06-25,2026-06,0.7139
T415,2026-06-25,2026-06,0
T416,2026-06-25,2026-06,0
T417,2026-06-25,2026-06,0.8357
T418,2026-06-25,2026-06,0.8219
T419,2026-06-25,2026-06,0.446
T451,2026-06-25,2026-06,0.7006
T453,2026-06-25,2026-06,0.6617
T455,2026-06-25,2026-06,0
T457,2026-06-25,2026-06,0.9438
T458,2026-06-25,2026-06,0.8772
T459,2026-06-25,2026-06,0.8755
T460,2026-06-25,2026-06,0.2055
T461,2026-06-25,2026-06,0.3389
T462,2026-06-25,2026-06,0
T463,2026-06-25,2026-06,0
T464,2026-06-25,2026-06,0.295
T465,2026-06-25,2026-06,0.9038
T505,2026-06-25,2026-06,0.8976
T507,2026-06-25,2026-06,0
T509,2026-06-25,2026-06,0.8139
T511,2026-06-25,2026-06,0.4613
T543,2026-06-25,2026-06,0
T544,2026-06-25,2026-06,0.9067
T559,2026-06-25,2026-06,0.8152
T560,2026-06-25,2026-06,0.9013
T561,2026-06-25,2026-06,0.6592
T565,2026-06-25,2026-06,0.7903
T566,2026-06-25,2026-06,0.7601
T567,2026-06-25,2026-06,0.914
T568,2026-06-25,2026-06,0.8674
T569,2026-06-25,2026-06,0
T585,2026-06-25,2026-06,0.4352
T586,2026-06-25,2026-06,0.7097
T587,2026-06-25,2026-06,0.9718
T588,2026-06-25,2026-06,0.55
T589,2026-06-25,2026-06,0.3545
T772,2026-06-25,2026-06,0.5552
T801,2026-06-25,2026-06,0.6749
T802,2026-06-25,2026-06,0.7387
T803,2026-06-25,2026-06,0.6377
T804,2026-06-25,2026-06,0
T805,2026-06-25,2026-06,0.8893
T807,2026-06-25,2026-06,0
T808,2026-06-25,2026-06,0.9457
T809,2026-06-25,2026-06,0.9051
T810,2026-06-25,2026-06,0.5685
T811,2026-06-25,2026-06,0.3495
T812,2026-06-25,2026-06,0.8448
T813,2026-06-25,2026-06,0.782
T814,2026-06-25,2026-06,0.8391
T815,2026-06-25,2026-06,0.8792
T816,2026-06-25,2026-06,0
T817,2026-06-25,2026-06,0
T818,2026-06-25,2026-06,0.6728
T821,2026-06-25,2026-06,0.8334
T852,2026-06-25,2026-06,0.7537
T100,2026-06-26,2026-06,0.8924
T101,2026-06-26,2026-06,0
T102,2026-06-26,2026-06,0.7533
T103,2026-06-26,2026-06,0
T104,2026-06-26,2026-06,0.7852
T105,2026-06-26,2026-06,0.6777
T106,2026-06-26,2026-06,0.8395
T107,2026-06-26,2026-06,0.6574
T108,2026-06-26,2026-06,0.5714
T109,2026-06-26,2026-06,0.7661
T110,2026-06-26,2026-06,0.529
T114,2026-06-26,2026-06,0.6223
T115,2026-06-26,2026-06,0.3396
T117,2026-06-26,2026-06,1
T121,2026-06-26,2026-06,0.8867
T152,2026-06-26,2026-06,0.4541
T154,2026-06-26,2026-06,0.367
T180,2026-06-26,2026-06,0
T305,2026-06-26,2026-06,0
T352,2026-06-26,2026-06,0.3393
T400,2026-06-26,2026-06,0.1112
T401,2026-06-26,2026-06,0
T402,2026-06-26,2026-06,0
T408,2026-06-26,2026-06,0.2516
T409,2026-06-26,2026-06,0.7193
T410,2026-06-26,2026-06,0.5587
T411,2026-06-26,2026-06,0.9037
T412,2026-06-26,2026-06,0.9631
T413,2026-06-26,2026-06,0.9368
T414,2026-06-26,2026-06,0
T415,2026-06-26,2026-06,0.5571
T416,2026-06-26,2026-06,0.6279
T417,2026-06-26,2026-06,0.6866
T418,2026-06-26,2026-06,0.7443
T419,2026-06-26,2026-06,0.6271
T451,2026-06-26,2026-06,0.556
T453,2026-06-26,2026-06,0.0626
T455,2026-06-26,2026-06,0.8723
T457,2026-06-26,2026-06,0
T458,2026-06-26,2026-06,0.3981
T459,2026-06-26,2026-06,0.3791
T460,2026-06-26,2026-06,0.1705
T461,2026-06-26,2026-06,0.916
T462,2026-06-26,2026-06,0.0933
T463,2026-06-26,2026-06,0.829
T464,2026-06-26,2026-06,0.5657
T465,2026-06-26,2026-06,0
T506,2026-06-26,2026-06,0.0834
T509,2026-06-26,2026-06,0.1111
T511,2026-06-26,2026-06,0
T543,2026-06-26,2026-06,0.5995
T544,2026-06-26,2026-06,0.8928
T559,2026-06-26,2026-06,0.6483
T560,2026-06-26,2026-06,0.303
T561,2026-06-26,2026-06,0.8677
T565,2026-06-26,2026-06,0.7087
T566,2026-06-26,2026-06,0.9307
T567,2026-06-26,2026-06,0.9328
T568,2026-06-26,2026-06,0.6103
T569,2026-06-26,2026-06,0.8143
T585,2026-06-26,2026-06,0.2512
T586,2026-06-26,2026-06,0.8699
T587,2026-06-26,2026-06,0.8063
T588,2026-06-26,2026-06,0.6524
T589,2026-06-26,2026-06,0
T772,2026-06-26,2026-06,0.6813
T801,2026-06-26,2026-06,0.6916
T802,2026-06-26,2026-06,0.2426
T803,2026-06-26,2026-06,0.6237
T804,2026-06-26,2026-06,0.477
T805,2026-06-26,2026-06,0.9518
T807,2026-06-26,2026-06,0.4375
T808,2026-06-26,2026-06,0.8527
T809,2026-06-26,2026-06,0.9329
T810,2026-06-26,2026-06,0.7083
T811,2026-06-26,2026-06,0.3185
T812,2026-06-26,2026-06,0
T813,2026-06-26,2026-06,0.776
T814,2026-06-26,2026-06,0.2792
T815,2026-06-26,2026-06,0.5159
T816,2026-06-26,2026-06,0.5902
T817,2026-06-26,2026-06,0.626
T818,2026-06-26,2026-06,0.2658
T821,2026-06-26,2026-06,0.4007
T852,2026-06-26,2026-06,0
T100,2026-06-29,2026-06,0.8851
T101,2026-06-29,2026-06,0.8274
T102,2026-06-29,2026-06,0.1619
T103,2026-06-29,2026-06,0.831
T104,2026-06-29,2026-06,0
T105,2026-06-29,2026-06,0.4402
T106,2026-06-29,2026-06,0.9663
T107,2026-06-29,2026-06,0.8854
T108,2026-06-29,2026-06,0.688
T109,2026-06-29,2026-06,0.7884
T110,2026-06-29,2026-06,0.8093
T114,2026-06-29,2026-06,0
T115,2026-06-29,2026-06,0.8028
T117,2026-06-29,2026-06,1
T121,2026-06-29,2026-06,0.848
T152,2026-06-29,2026-06,0.8856
T154,2026-06-29,2026-06,0.8585
T180,2026-06-29,2026-06,0.224
T305,2026-06-29,2026-06,0.5622
T352,2026-06-29,2026-06,0.6124
T400,2026-06-29,2026-06,0.688
T401,2026-06-29,2026-06,0
T402,2026-06-29,2026-06,0
T408,2026-06-29,2026-06,0.2335
T409,2026-06-29,2026-06,0.8407
T410,2026-06-29,2026-06,0.6416
T411,2026-06-29,2026-06,0.876
T412,2026-06-29,2026-06,0.9174
T413,2026-06-29,2026-06,0.889
T414,2026-06-29,2026-06,0.7706
T415,2026-06-29,2026-06,0.6923
T416,2026-06-29,2026-06,0.4284
T417,2026-06-29,2026-06,0.954
T418,2026-06-29,2026-06,0.1549
T419,2026-06-29,2026-06,0
T451,2026-06-29,2026-06,0.3811
T453,2026-06-29,2026-06,0.7007
T455,2026-06-29,2026-06,0.939
T457,2026-06-29,2026-06,0.8514
T458,2026-06-29,2026-06,0
T459,2026-06-29,2026-06,0.6971
T460,2026-06-29,2026-06,0.562
T461,2026-06-29,2026-06,0.9268
T462,2026-06-29,2026-06,0.8933
T463,2026-06-29,2026-06,0.8131
T464,2026-06-29,2026-06,0.4073
T465,2026-06-29,2026-06,0
T506,2026-06-29,2026-06,0.9549
T509,2026-06-29,2026-06,0.7873
T511,2026-06-29,2026-06,0.3792
T543,2026-06-29,2026-06,0.8499
T544,2026-06-29,2026-06,0.9578
T559,2026-06-29,2026-06,0.8148
T560,2026-06-29,2026-06,0.8493
T561,2026-06-29,2026-06,0.951
T565,2026-06-29,2026-06,0.5799
T566,2026-06-29,2026-06,0.9154
T567,2026-06-29,2026-06,0.917
T568,2026-06-29,2026-06,0.8555
T569,2026-06-29,2026-06,0.6172
T585,2026-06-29,2026-06,0.7529
T586,2026-06-29,2026-06,0.8966
T587,2026-06-29,2026-06,0.5542
T588,2026-06-29,2026-06,0.7821
T589,2026-06-29,2026-06,0.7714
T772,2026-06-29,2026-06,0.4539
T801,2026-06-29,2026-06,0.4643
T802,2026-06-29,2026-06,0.5384
T803,2026-06-29,2026-06,0.8259
T804,2026-06-29,2026-06,0.84
T805,2026-06-29,2026-06,0.8088
T807,2026-06-29,2026-06,0.8818
T808,2026-06-29,2026-06,0.8917
T809,2026-06-29,2026-06,0.9233
T810,2026-06-29,2026-06,0.6303
T811,2026-06-29,2026-06,0.9393
T812,2026-06-29,2026-06,0.8633
T813,2026-06-29,2026-06,0.9376
T814,2026-06-29,2026-06,0.9724
T815,2026-06-29,2026-06,0.8192
T816,2026-06-29,2026-06,0.1695
T817,2026-06-29,2026-06,0.6364
T818,2026-06-29,2026-06,0.8723
T821,2026-06-29,2026-06,0.8104
T852,2026-06-29,2026-06,0.3815
T100,2026-06-30,2026-06,0.0289
T101,2026-06-30,2026-06,0.2269
T102,2026-06-30,2026-06,0
T103,2026-06-30,2026-06,0.5005
T104,2026-06-30,2026-06,0.6444
T105,2026-06-30,2026-06,0.5474
T106,2026-06-30,2026-06,0.7517
T107,2026-06-30,2026-06,0.4553
T108,2026-06-30,2026-06,0.7117
T109,2026-06-30,2026-06,0.6162
T110,2026-06-30,2026-06,0.6538
T114,2026-06-30,2026-06,0.2378
T115,2026-06-30,2026-06,0.5436
T117,2026-06-30,2026-06,0.8263
T121,2026-06-30,2026-06,0.8244
T152,2026-06-30,2026-06,0.0822
T154,2026-06-30,2026-06,0
T180,2026-06-30,2026-06,0.8516
T305,2026-06-30,2026-06,0.3098
T352,2026-06-30,2026-06,0.6048
T400,2026-06-30,2026-06,0.6737
T401,2026-06-30,2026-06,0
T402,2026-06-30,2026-06,0.5139
T408,2026-06-30,2026-06,0.3127
T409,2026-06-30,2026-06,0.8117
T410,2026-06-30,2026-06,0.6252
T411,2026-06-30,2026-06,0.4646
T412,2026-06-30,2026-06,0.6591
T413,2026-06-30,2026-06,0.9773
T414,2026-06-30,2026-06,0.8886
T415,2026-06-30,2026-06,0.6129
T416,2026-06-30,2026-06,0.2733
T417,2026-06-30,2026-06,0.9334
T418,2026-06-30,2026-06,0.4606
T419,2026-06-30,2026-06,0.672
T451,2026-06-30,2026-06,0
T453,2026-06-30,2026-06,0.1208
T455,2026-06-30,2026-06,0.3138
T457,2026-06-30,2026-06,0.7708
T458,2026-06-30,2026-06,0.002
T459,2026-06-30,2026-06,0.8519
T460,2026-06-30,2026-06,0
T461,2026-06-30,2026-06,0.9046
T462,2026-06-30,2026-06,0
T463,2026-06-30,2026-06,0.5484
T464,2026-06-30,2026-06,0.4903
T465,2026-06-30,2026-06,0.3085
T505,2026-06-30,2026-06,0.8263
T507,2026-06-30,2026-06,1
T509,2026-06-30,2026-06,0.7544
T511,2026-06-30,2026-06,0.6095
T543,2026-06-30,2026-06,0
T544,2026-06-30,2026-06,0.5665
T559,2026-06-30,2026-06,0.6478
T560,2026-06-30,2026-06,0.5861
T561,2026-06-30,2026-06,0.8946
T565,2026-06-30,2026-06,0.9047
T566,2026-06-30,2026-06,0.94
T567,2026-06-30,2026-06,0.9258
T568,2026-06-30,2026-06,0.5647
T569,2026-06-30,2026-06,0.6463
T585,2026-06-30,2026-06,0.7335
T586,2026-06-30,2026-06,0.8761
T587,2026-06-30,2026-06,0.9071
T588,2026-06-30,2026-06,0.6634
T589,2026-06-30,2026-06,0
T772,2026-06-30,2026-06,0
T801,2026-06-30,2026-06,0.651
T802,2026-06-30,2026-06,0
T803,2026-06-30,2026-06,0.5491
T804,2026-06-30,2026-06,0.6713
T805,2026-06-30,2026-06,0.9203
T807,2026-06-30,2026-06,0.7058
T808,2026-06-30,2026-06,0.4234
T809,2026-06-30,2026-06,0.7846
T810,2026-06-30,2026-06,0.6597
T811,2026-06-30,2026-06,0.4202
T812,2026-06-30,2026-06,0.3341
T813,2026-06-30,2026-06,0.8223
T814,2026-06-30,2026-06,0
T815,2026-06-30,2026-06,0
T816,2026-06-30,2026-06,0.7141
T817,2026-06-30,2026-06,0.7143
T818,2026-06-30,2026-06,0.6645
T821,2026-06-30,2026-06,0
T852,2026-06-30,2026-06,0.545
