route_id,date,month,BPI
T100,2026-02-03,2026-02,1
T101,2026-02-03,2026-02,0.8537
T102,2026-02-03,2026-02,0.8604
T103,2026-02-03,2026-02,0.9021
T104,2026-02-03,2026-02,0.821
T105,2026-02-03,2026-02,0.681
T106,2026-02-03,2026-02,0.965
T107,2026-02-03,2026-02,1
T108,2026-02-03,2026-02,0.8337
T109,2026-02-03,2026-02,0.8883
T110,2026-02-03,2026-02,0.8871
T114,2026-02-03,2026-02,0.8144
T115,2026-02-03,2026-02,0.8172
T117,2026-02-03,2026-02,1
T121,2026-02-03,2026-02,1
T152,2026-02-03,2026-02,0.81
T154,2026-02-03,2026-02,0.9141
T180,2026-02-03,2026-02,0.9728
T305,2026-02-03,2026-02,0.8392
T352,2026-02-03,2026-02,0.7825
T400,2026-02-03,2026-02,0.9422
T401,2026-02-03,2026-02,0.8766
T402,2026-02-03,2026-02,0.0387
T408,2026-02-03,2026-02,0.8271
T409,2026-02-03,2026-02,0.9496
T410,2026-02-03,2026-02,0.6021
T411,2026-02-03,2026-02,0.8525
T412,2026-02-03,2026-02,0.9771
T413,2026-02-03,2026-02,0.9754
T414,2026-02-03,2026-02,0.8479
T415,2026-02-03,2026-02,0.7375
T416,2026-02-03,2026-02,0.8135
T417,2026-02-03,2026-02,0.9668
T418,2026-02-03,2026-02,0.8157
T419,2026-02-03,2026-02,0.725
T451,2026-02-03,2026-02,0.7745
T453,2026-02-03,2026-02,0.8165
T455,2026-02-03,2026-02,0.9162
T457,2026-02-03,2026-02,0.9216
T458,2026-02-03,2026-02,0.8331
T459,2026-02-03,2026-02,0.8099
T460,2026-02-03,2026-02,0.8746
T461,2026-02-03,2026-02,0.8462
T462,2026-02-03,2026-02,0.9469
T463,2026-02-03,2026-02,0.9702
T464,2026-02-03,2026-02,0.8514
T465,2026-02-03,2026-02,0.8568
T511,2026-02-03,2026-02,0.8051
T543,2026-02-03,2026-02,0.8814
T544,2026-02-03,2026-02,0.8952
T559,2026-02-03,2026-02,0.6671
T560,2026-02-03,2026-02,0.9097
T561,2026-02-03,2026-02,0.8577
T565,2026-02-03,2026-02,0.8038
T566,2026-02-03,2026-02,0.9087
T567,2026-02-03,2026-02,0.9304
T568,2026-02-03,2026-02,0.7677
T569,2026-02-03,2026-02,0.4467
T585,2026-02-03,2026-02,0.9532
T586,2026-02-03,2026-02,0.8726
T587,2026-02-03,2026-02,0.9849
T588,2026-02-03,2026-02,0.0492
T589,2026-02-03,2026-02,0.83
T772,2026-02-03,2026-02,0.7333
T801,2026-02-03,2026-02,0.9784
T802,2026-02-03,2026-02,0.9242
T803,2026-02-03,2026-02,0.9384
T804,2026-02-03,2026-02,0.8779
T805,2026-02-03,2026-02,0.933
T807,2026-02-03,2026-02,0.8837
T808,2026-02-03,2026-02,0.9335
T809,2026-02-03,2026-02,0.9632
T810,2026-02-03,2026-02,0.6916
T811,2026-02-03,2026-02,0.952
T812,2026-02-03,2026-02,0.9046
T813,2026-02-03,2026-02,0.9571
T814,2026-02-03,2026-02,0.9105
T815,2026-02-03,2026-02,0.8778
T816,2026-02-03,2026-02,0.9738
T817,2026-02-03,2026-02,0.9001
T818,2026-02-03,2026-02,0.9196
T821,2026-02-03,2026-02,0.8676
T852,2026-02-03,2026-02,0.793
T100,2026-02-05,2026-02,0.9802
T101,2026-02-05,2026-02,0.8537
T102,2026-02-05,2026-02,0.9204
T103,2026-02-05,2026-02,0.9117
T104,2026-02-05,2026-02,0.8312
T105,2026-02-05,2026-02,0.8361
T106,2026-02-05,2026-02,0.7183
T107,2026-02-05,2026-02,0.9898
T108,2026-02-05,2026-02,0.8243
T109,2026-02-05,2026-02,0.8213
T110,2026-02-05,2026-02,0.9076
T114,2026-02-05,2026-02,0.7645
T115,2026-02-05,2026-02,0.8319
T117,2026-02-05,2026-02,0.9658
T121,2026-02-05,2026-02,0.9418
T152,2026-02-05,2026-02,0.8438
T154,2026-02-05,2026-02,0.8903
T180,2026-02-05,2026-02,0.969
T305,2026-02-05,2026-02,0.781
T352,2026-02-05,2026-02,0.6522
T400,2026-02-05,2026-02,0.8254
T401,2026-02-05,2026-02,0.8222
T402,2026-02-05,2026-02,0
T408,2026-02-05,2026-02,0.8429
T409,2026-02-05,2026-02,0.9544
T410,2026-02-05,2026-02,0.6395
T411,2026-02-05,2026-02,0.973
T412,2026-02-05,2026-02,0.979
T413,2026-02-05,2026-02,0.9804
T414,2026-02-05,2026-02,0.8185
T415,2026-02-05,2026-02,0.5924
T416,2026-02-05,2026-02,0.2117
T417,2026-02-05,2026-02,0.9666
T418,2026-02-05,2026-02,0.5251
T419,2026-02-05,2026-02,0.474
T451,2026-02-05,2026-02,0.7514
T453,2026-02-05,2026-02,0.6811
T455,2026-02-05,2026-02,0.6037
T457,2026-02-05,2026-02,0.8772
T458,2026-02-05,2026-02,0.8965
T459,2026-02-05,2026-02,0.8567
T460,2026-02-05,2026-02,0.8833
T461,2026-02-05,2026-02,0.9164
T462,2026-02-05,2026-02,0.9226
T463,2026-02-05,2026-02,0.961
T464,2026-02-05,2026-02,0.7965
T465,2026-02-05,2026-02,0.5473
T504,2026-02-05,2026-02,0.9566
T511,2026-02-05,2026-02,0.8055
T543,2026-02-05,2026-02,0.8229
T544,2026-02-05,2026-02,0.7905
T559,2026-02-05,2026-02,0.6733
T560,2026-02-05,2026-02,0.8889
T561,2026-02-05,2026-02,0.9476
T565,2026-02-05,2026-02,0.8582
T566,2026-02-05,2026-02,0.4314
T567,2026-02-05,2026-02,0.9474
T568,2026-02-05,2026-02,0.3703
T569,2026-02-05,2026-02,0.8143
T585,2026-02-05,2026-02,0.6065
T586,2026-02-05,2026-02,0.8949
T587,2026-02-05,2026-02,0.9438
T588,2026-02-05,2026-02,0.8515
T589,2026-02-05,2026-02,0.9528
T772,2026-02-05,2026-02,0.6372
T801,2026-02-05,2026-02,0.8826
T802,2026-02-05,2026-02,0.8915
T803,2026-02-05,2026-02,0.8041
T804,2026-02-05,2026-02,0
T805,2026-02-05,2026-02,0.8501
T807,2026-02-05,2026-02,0.8628
T808,2026-02-05,2026-02,0.9381
T809,2026-02-05,2026-02,0.9458
T810,2026-02-05,2026-02,0.7154
T811,2026-02-05,2026-02,0
T812,2026-02-05,2026-02,0.8825
T813,2026-02-05,2026-02,0.8931
T814,2026-02-05,2026-02,0.9361
T815,2026-02-05,2026-02,0.8163
T816,2026-02-05,2026-02,0.6818
T817,2026-02-05,2026-02,0.8755
T818,2026-02-05,2026-02,0.694
T821,2026-02-05,2026-02,0.8921
T852,2026-02-05,2026-02,0.8418
T100,2026-02-06,2026-02,0.956
T101,2026-02-06,2026-02,0.7773
T102,2026-02-06,2026-02,0.8384
T103,2026-02-06,2026-02,0.8791
T104,2026-02-06,2026-02,0.851
T105,2026-02-06,2026-02,0.9482
T106,2026-02-06,2026-02,0.9483
T107,2026-02-06,2026-02,0.8476
T108,2026-02-06,2026-02,0
T109,2026-02-06,2026-02,0.7689
T110,2026-02-06,2026-02,0.8593
T114,2026-02-06,2026-02,0.7039
T115,2026-02-06,2026-02,0.9004
T117,2026-02-06,2026-02,1
T121,2026-02-06,2026-02,0.9628
T152,2026-02-06,2026-02,0.8321
T154,2026-02-06,2026-02,0.8639
T180,2026-02-06,2026-02,0.9588
T305,2026-02-06,2026-02,0.8402
T352,2026-02-06,2026-02,0.7663
T400,2026-02-06,2026-02,0.916
T401,2026-02-06,2026-02,0.9415
T402,2026-02-06,2026-02,0.9623
T407,2026-02-06,2026-02,0.6843
T408,2026-02-06,2026-02,0.8149
T409,2026-02-06,2026-02,0.9301
T410,2026-02-06,2026-02,0.5945
T411,2026-02-06,2026-02,0.7838
T412,2026-02-06,2026-02,0.8886
T413,2026-02-06,2026-02,0.9472
T414,2026-02-06,2026-02,0.931
T415,2026-02-06,2026-02,0.5418
T416,2026-02-06,2026-02,0.4794
T417,2026-02-06,2026-02,0.9131
T418,2026-02-06,2026-02,0.836
T419,2026-02-06,2026-02,0.6859
T451,2026-02-06,2026-02,0.7537
T453,2026-02-06,2026-02,0.8159
T455,2026-02-06,2026-02,0.9436
T457,2026-02-06,2026-02,0.9155
T458,2026-02-06,2026-02,0.8818
T459,2026-02-06,2026-02,0.672
T460,2026-02-06,2026-02,0.8799
T461,2026-02-06,2026-02,0.8172
T462,2026-02-06,2026-02,0.9377
T463,2026-02-06,2026-02,0.4846
T464,2026-02-06,2026-02,0.8189
T465,2026-02-06,2026-02,0.7832
T511,2026-02-06,2026-02,0.8715
T543,2026-02-06,2026-02,0.8786
T544,2026-02-06,2026-02,0.8256
T559,2026-02-06,2026-02,0.8289
T560,2026-02-06,2026-02,0.8696
T561,2026-02-06,2026-02,0.6964
T565,2026-02-06,2026-02,0.8688
T566,2026-02-06,2026-02,0.7587
T567,2026-02-06,2026-02,0.9042
T568,2026-02-06,2026-02,0.784
T569,2026-02-06,2026-02,0.7788
T585,2026-02-06,2026-02,0.8039
T586,2026-02-06,2026-02,0.9656
T587,2026-02-06,2026-02,0.9031
T588,2026-02-06,2026-02,0.864
T589,2026-02-06,2026-02,0.9013
T772,2026-02-06,2026-02,0.7528
T801,2026-02-06,2026-02,0.635
T802,2026-02-06,2026-02,0.8891
T803,2026-02-06,2026-02,0.6809
T805,2026-02-06,2026-02,0.939
T807,2026-02-06,2026-02,0.9053
T808,2026-02-06,2026-02,0.8464
T809,2026-02-06,2026-02,0.8673
T810,2026-02-06,2026-02,0.6962
T811,2026-02-06,2026-02,0.8959
T812,2026-02-06,2026-02,0.8971
T813,2026-02-06,2026-02,0.9353
T814,2026-02-06,2026-02,0.932
T815,2026-02-06,2026-02,0.8644
T816,2026-02-06,2026-02,0.6823
T817,2026-02-06,2026-02,0.6051
T818,2026-02-06,2026-02,0.8096
T821,2026-02-06,2026-02,0.7152
T852,2026-02-06,2026-02,0.7501
T100,2026-02-09,2026-02,0.9456
T101,2026-02-09,2026-02,0.8889
T102,2026-02-09,2026-02,0.9598
T103,2026-02-09,2026-02,0.9116
T104,2026-02-09,2026-02,0.7794
T105,2026-02-09,2026-02,0.9202
T106,2026-02-09,2026-02,0.965
T107,2026-02-09,2026-02,0.6684
T108,2026-02-09,2026-02,0.7946
T109,2026-02-09,2026-02,0.4658
T110,2026-02-09,2026-02,0.6347
T114,2026-02-09,2026-02,0.8056
T115,2026-02-09,2026-02,0.8653
T117,2026-02-09,2026-02,0.9777
T121,2026-02-09,2026-02,0.9348
T152,2026-02-09,2026-02,0.7476
T154,2026-02-09,2026-02,0.9263
T180,2026-02-09,2026-02,0.9817
T305,2026-02-09,2026-02,0.8159
T352,2026-02-09,2026-02,0.817
T400,2026-02-09,2026-02,0.943
T401,2026-02-09,2026-02,0.8418
T402,2026-02-09,2026-02,0.79
T407,2026-02-09,2026-02,0.7222
T408,2026-02-09,2026-02,0.8436
T409,2026-02-09,2026-02,0.9548
T410,2026-02-09,2026-02,0.5915
T411,2026-02-09,2026-02,0.9686
T412,2026-02-09,2026-02,0.8551
T413,2026-02-09,2026-02,0.9514
T414,2026-02-09,2026-02,0.8327
T415,2026-02-09,2026-02,0.5438
T416,2026-02-09,2026-02,0.8835
T417,2026-02-09,2026-02,0
T418,2026-02-09,2026-02,0.8089
T419,2026-02-09,2026-02,0.8306
T451,2026-02-09,2026-02,0.6932
T453,2026-02-09,2026-02,0.8367
T455,2026-02-09,2026-02,0.8884
T457,2026-02-09,2026-02,0.9483
T458,2026-02-09,2026-02,0.8113
T459,2026-02-09,2026-02,0.8645
T460,2026-02-09,2026-02,0.6669
T461,2026-02-09,2026-02,0.9274
T462,2026-02-09,2026-02,0.9437
T463,2026-02-09,2026-02,0.8553
T464,2026-02-09,2026-02,0.7231
T465,2026-02-09,2026-02,0.6411
T505,2026-02-09,2026-02,0.8568
T511,2026-02-09,2026-02,0.7557
T543,2026-02-09,2026-02,0.865
T544,2026-02-09,2026-02,0.9337
T545,2026-02-09,2026-02,0.5845
T559,2026-02-09,2026-02,0.7695
T560,2026-02-09,2026-02,0.7824
T561,2026-02-09,2026-02,0.9273
T565,2026-02-09,2026-02,0.7149
T566,2026-02-09,2026-02,0
T567,2026-02-09,2026-02,0.98
T568,2026-02-09,2026-02,0.7432
T569,2026-02-09,2026-02,0.6856
T585,2026-02-09,2026-02,0.9461
T586,2026-02-09,2026-02,0.9027
T587,2026-02-09,2026-02,0.8496
T588,2026-02-09,2026-02,0.8807
T589,2026-02-09,2026-02,0.8305
T772,2026-02-09,2026-02,0.8098
T801,2026-02-09,2026-02,0
T802,2026-02-09,2026-02,0.9033
T803,2026-02-09,2026-02,0.8783
T805,2026-02-09,2026-02,0.8836
T807,2026-02-09,2026-02,0.8672
T808,2026-02-09,2026-02,0.9448
T809,2026-02-09,2026-02,0.947
T810,2026-02-09,2026-02,0.749
T811,2026-02-09,2026-02,0.8956
T812,2026-02-09,2026-02,0.8402
T813,2026-02-09,2026-02,0.9436
T814,2026-02-09,2026-02,0.9639
T815,2026-02-09,2026-02,0.9025
T816,2026-02-09,2026-02,0.8252
T817,2026-02-09,2026-02,0.57
T818,2026-02-09,2026-02,0.7997
T821,2026-02-09,2026-02,0.9161
T852,2026-02-09,2026-02,0.8596
T100,2026-02-10,2026-02,0.9167
T101,2026-02-10,2026-02,0.8988
T102,2026-02-10,2026-02,0.9143
T103,2026-02-10,2026-02,0.884
T104,2026-02-10,2026-02,0.813
T105,2026-02-10,2026-02,0.9189
T106,2026-02-10,2026-02,0.9527
T107,2026-02-10,2026-02,0.612
T108,2026-02-10,2026-02,0.7823
T109,2026-02-10,2026-02,0.5891
T110,2026-02-10,2026-02,0.9037
T114,2026-02-10,2026-02,0.8189
T115,2026-02-10,2026-02,0.9271
T117,2026-02-10,2026-02,0.9954
T121,2026-02-10,2026-02,0.945
T152,2026-02-10,2026-02,0.8569
T154,2026-02-10,2026-02,0.8918
T180,2026-02-10,2026-02,0.9448
T305,2026-02-10,2026-02,0.7911
T352,2026-02-10,2026-02,0.7924
T400,2026-02-10,2026-02,0.9327
T401,2026-02-10,2026-02,0.9092
T402,2026-02-10,2026-02,0.8818
T408,2026-02-10,2026-02,0.8444
T409,2026-02-10,2026-02,0.9196
T410,2026-02-10,2026-02,0.6286
T411,2026-02-10,2026-02,0.9687
T412,2026-02-10,2026-02,0.9721
T413,2026-02-10,2026-02,0.9804
T414,2026-02-10,2026-02,0.8085
T415,2026-02-10,2026-02,0.6623
T416,2026-02-10,2026-02,0.7623
T417,2026-02-10,2026-02,0.934
T418,2026-02-10,2026-02,0.8232
T419,2026-02-10,2026-02,0.7916
T451,2026-02-10,2026-02,0.3476
T453,2026-02-10,2026-02,0.56
T455,2026-02-10,2026-02,0.9182
T457,2026-02-10,2026-02,0.9309
T458,2026-02-10,2026-02,0.897
T459,2026-02-10,2026-02,0.4483
T460,2026-02-10,2026-02,0.8569
T461,2026-02-10,2026-02,0.8923
T462,2026-02-10,2026-02,0
T463,2026-02-10,2026-02,0.0878
T464,2026-02-10,2026-02,0.7834
T465,2026-02-10,2026-02,0.6714
T511,2026-02-10,2026-02,0.7963
T543,2026-02-10,2026-02,0.8327
T544,2026-02-10,2026-02,0.8537
T559,2026-02-10,2026-02,0.8055
T560,2026-02-10,2026-02,0.9005
T561,2026-02-10,2026-02,0.954
T565,2026-02-10,2026-02,0.7677
T566,2026-02-10,2026-02,0.6163
T567,2026-02-10,2026-02,0.9272
T568,2026-02-10,2026-02,0
T569,2026-02-10,2026-02,0.7219
T585,2026-02-10,2026-02,0.6179
T586,2026-02-10,2026-02,0.9174
T587,2026-02-10,2026-02,0.8478
T588,2026-02-10,2026-02,0.7477
T589,2026-02-10,2026-02,0.9087
T772,2026-02-10,2026-02,0.7639
T801,2026-02-10,2026-02,0.9405
T802,2026-02-10,2026-02,0.879
T803,2026-02-10,2026-02,0.8662
T804,2026-02-10,2026-02,0
T805,2026-02-10,2026-02,0.9101
T807,2026-02-10,2026-02,0.8853
T808,2026-02-10,2026-02,0.9186
T809,2026-02-10,2026-02,0.9466
T810,2026-02-10,2026-02,0.7409
T811,2026-02-10,2026-02,0.9041
T812,2026-02-10,2026-02,0.9164
T813,2026-02-10,2026-02,0.9159
T814,2026-02-10,2026-02,0.951
T815,2026-02-10,2026-02,0.7433
T816,2026-02-10,2026-02,0.8487
T817,2026-02-10,2026-02,0.7107
T818,2026-02-10,2026-02,0.8341
T821,2026-02-10,2026-02,0.8229
T852,2026-02-10,2026-02,0.8265
T100,2026-02-11,2026-02,0.9634
T101,2026-02-11,2026-02,0.797
T102,2026-02-11,2026-02,0.6087
T103,2026-02-11,2026-02,0.841
T104,2026-02-11,2026-02,0.8514
T105,2026-02-11,2026-02,0.3338
T106,2026-02-11,2026-02,0.9649
T107,2026-02-11,2026-02,0.9813
T108,2026-02-11,2026-02,0.7895
T109,2026-02-11,2026-02,0.8234
T110,2026-02-11,2026-02,0.8489
T114,2026-02-11,2026-02,0.6892
T115,2026-02-11,2026-02,0.757
T117,2026-02-11,2026-02,1
T121,2026-02-11,2026-02,0.9583
T152,2026-02-11,2026-02,0.8538
T154,2026-02-11,2026-02,0.7536
T180,2026-02-11,2026-02,0.8335
T305,2026-02-11,2026-02,0.8513
T352,2026-02-11,2026-02,0.7184
T400,2026-02-11,2026-02,0.8897
T401,2026-02-11,2026-02,0.8313
T402,2026-02-11,2026-02,0.9058
T408,2026-02-11,2026-02,0.8471
T409,2026-02-11,2026-02,0.9612
T410,2026-02-11,2026-02,0.5597
T411,2026-02-11,2026-02,0.9373
T412,2026-02-11,2026-02,0.9979
T413,2026-02-11,2026-02,1
T414,2026-02-11,2026-02,0.9187
T415,2026-02-11,2026-02,0.7225
T416,2026-02-11,2026-02,0.7882
T417,2026-02-11,2026-02,0.8092
T418,2026-02-11,2026-02,0
T419,2026-02-11,2026-02,0.6561
T451,2026-02-11,2026-02,0.7198
T453,2026-02-11,2026-02,0.8531
T455,2026-02-11,2026-02,0.9077
T457,2026-02-11,2026-02,0.8584
T458,2026-02-11,2026-02,0.8602
T459,2026-02-11,2026-02,0.8059
T460,2026-02-11,2026-02,0.8777
T461,2026-02-11,2026-02,0.805
T462,2026-02-11,2026-02,0.9453
T463,2026-02-11,2026-02,0.9191
T464,2026-02-11,2026-02,0.5006
T465,2026-02-11,2026-02,0.7539
T511,2026-02-11,2026-02,0.8258
T543,2026-02-11,2026-02,0.8283
T544,2026-02-11,2026-02,0.8329
T559,2026-02-11,2026-02,0.6792
T560,2026-02-11,2026-02,0.0965
T561,2026-02-11,2026-02,0.8268
T565,2026-02-11,2026-02,0.9006
T566,2026-02-11,2026-02,0.9648
T567,2026-02-11,2026-02,0.9112
T568,2026-02-11,2026-02,0.9139
T569,2026-02-11,2026-02,0.854
T585,2026-02-11,2026-02,0.9655
T586,2026-02-11,2026-02,0.5244
T587,2026-02-11,2026-02,0.8713
T588,2026-02-11,2026-02,0.1802
T589,2026-02-11,2026-02,0.7605
T772,2026-02-11,2026-02,0.3062
T801,2026-02-11,2026-02,0.878
T802,2026-02-11,2026-02,0.7102
T803,2026-02-11,2026-02,0.9345
T805,2026-02-11,2026-02,0.9424
T807,2026-02-11,2026-02,0.7477
T808,2026-02-11,2026-02,0.8821
T809,2026-02-11,2026-02,0.9561
T810,2026-02-11,2026-02,0.4817
T811,2026-02-11,2026-02,0.9115
T812,2026-02-11,2026-02,0.7161
T813,2026-02-11,2026-02,0.857
T814,2026-02-11,2026-02,0.9623
T815,2026-02-11,2026-02,0.5802
T816,2026-02-11,2026-02,0.8319
T817,2026-02-11,2026-02,0.5884
T818,2026-02-11,2026-02,0.8935
T821,2026-02-11,2026-02,0.8284
T852,2026-02-11,2026-02,0.6407
T100,2026-02-12,2026-02,0.9913
T101,2026-02-12,2026-02,0.8548
T102,2026-02-12,2026-02,0.5359
T103,2026-02-12,2026-02,0.9
T104,2026-02-12,2026-02,0.859
T105,2026-02-12,2026-02,0.4104
T106,2026-02-12,2026-02,0.9878
T107,2026-02-12,2026-02,0.9001
T108,2026-02-12,2026-02,0.7968
T109,2026-02-12,2026-02,0.7976
T110,2026-02-12,2026-02,0.8976
T114,2026-02-12,2026-02,0.862
T115,2026-02-12,2026-02,0.8704
T117,2026-02-12,2026-02,0.9889
T121,2026-02-12,2026-02,0.9722
T152,2026-02-12,2026-02,0.8606
T154,2026-02-12,2026-02,0
T180,2026-02-12,2026-02,0.9514
T305,2026-02-12,2026-02,0.7285
T352,2026-02-12,2026-02,0.7255
T400,2026-02-12,2026-02,0.9573
T401,2026-02-12,2026-02,0.9286
T402,2026-02-12,2026-02,0.0871
T408,2026-02-12,2026-02,0.8888
T409,2026-02-12,2026-02,0.8985
T410,2026-02-12,2026-02,0.544
T411,2026-02-12,2026-02,0.9646
T412,2026-02-12,2026-02,0.9336
T413,2026-02-12,2026-02,0.9945
T414,2026-02-12,2026-02,0.6315
T415,2026-02-12,2026-02,0.5875
T416,2026-02-12,2026-02,0.8581
T417,2026-02-12,2026-02,0.9707
T418,2026-02-12,2026-02,0.8753
T419,2026-02-12,2026-02,0.7025
T451,2026-02-12,2026-02,0.7872
T453,2026-02-12,2026-02,0.8775
T455,2026-02-12,2026-02,0.9675
T457,2026-02-12,2026-02,0.9114
T458,2026-02-12,2026-02,0.898
T459,2026-02-12,2026-02,0.8371
T460,2026-02-12,2026-02,0.9262
T461,2026-02-12,2026-02,0.8917
T462,2026-02-12,2026-02,0.7447
T463,2026-02-12,2026-02,0.9306
T464,2026-02-12,2026-02,0.8213
T465,2026-02-12,2026-02,0.7705
T505,2026-02-12,2026-02,0.9206
T509,2026-02-12,2026-02,0
T511,2026-02-12,2026-02,0.749
T543,2026-02-12,2026-02,0.8609
T544,2026-02-12,2026-02,0.7681
T559,2026-02-12,2026-02,0.6552
T560,2026-02-12,2026-02,0.8911
T561,2026-02-12,2026-02,0.7048
T565,2026-02-12,2026-02,0.8761
T566,2026-02-12,2026-02,0.9401
T567,2026-02-12,2026-02,0.8731
T568,2026-02-12,2026-02,0.7971
T569,2026-02-12,2026-02,0.8448
T585,2026-02-12,2026-02,0.8836
T586,2026-02-12,2026-02,0.9053
T587,2026-02-12,2026-02,0.935
T588,2026-02-12,2026-02,0.8947
T589,2026-02-12,2026-02,0.873
T772,2026-02-12,2026-02,0.7756
T801,2026-02-12,2026-02,0.8523
T802,2026-02-12,2026-02,0.8824
T803,2026-02-12,2026-02,0.8934
T805,2026-02-12,2026-02,0.9167
T807,2026-02-12,2026-02,0.8031
T808,2026-02-12,2026-02,0.8979
T809,2026-02-12,2026-02,0.9148
T810,2026-02-12,2026-02,0.7146
T811,2026-02-12,2026-02,0.7233
T812,2026-02-12,2026-02,0.883
T813,2026-02-12,2026-02,0.933
T814,2026-02-12,2026-02,0.9168
T815,2026-02-12,2026-02,0
T816,2026-02-12,2026-02,0.5268
T817,2026-02-12,2026-02,0.7929
T818,2026-02-12,2026-02,0.4664
T821,2026-02-12,2026-02,0.8183
T852,2026-02-12,2026-02,0.8307
T100,2026-02-13,2026-02,0.8979
T101,2026-02-13,2026-02,0.9305
T102,2026-02-13,2026-02,0.8842
T103,2026-02-13,2026-02,0.9151
T104,2026-02-13,2026-02,0.8201
T105,2026-02-13,2026-02,0.9545
T106,2026-02-13,2026-02,0.9172
T107,2026-02-13,2026-02,0.9261
T108,2026-02-13,2026-02,0.7952
T109,2026-02-13,2026-02,0.794
T110,2026-02-13,2026-02,0.8665
T114,2026-02-13,2026-02,0.5093
T115,2026-02-13,2026-02,0.906
T117,2026-02-13,2026-02,0.9937
T121,2026-02-13,2026-02,0.9426
T152,2026-02-13,2026-02,0.8822
T154,2026-02-13,2026-02,0.8802
T180,2026-02-13,2026-02,0.9387
T305,2026-02-13,2026-02,0.7803
T352,2026-02-13,2026-02,0.821
T400,2026-02-13,2026-02,0.9275
T401,2026-02-13,2026-02,0.8213
T402,2026-02-13,2026-02,0.8492
T408,2026-02-13,2026-02,0.8906
T409,2026-02-13,2026-02,0.9625
T410,2026-02-13,2026-02,0.6188
T411,2026-02-13,2026-02,0.9717
T412,2026-02-13,2026-02,0.9633
T413,2026-02-13,2026-02,0.9842
T414,2026-02-13,2026-02,0.9165
T415,2026-02-13,2026-02,0.6498
T416,2026-02-13,2026-02,0.2914
T417,2026-02-13,2026-02,0.8843
T418,2026-02-13,2026-02,0.8812
T419,2026-02-13,2026-02,0.7621
T451,2026-02-13,2026-02,0.3498
T453,2026-02-13,2026-02,0.7984
T455,2026-02-13,2026-02,0.925
T457,2026-02-13,2026-02,0.9069
T458,2026-02-13,2026-02,0.8763
T459,2026-02-13,2026-02,0.8865
T460,2026-02-13,2026-02,0.8546
T461,2026-02-13,2026-02,0.8721
T462,2026-02-13,2026-02,0.9608
T463,2026-02-13,2026-02,0.9545
T464,2026-02-13,2026-02,0.824
T465,2026-02-13,2026-02,0.8438
T505,2026-02-13,2026-02,0.9675
T506,2026-02-13,2026-02,0.8099
T507,2026-02-13,2026-02,0.9118
T511,2026-02-13,2026-02,0.7996
T543,2026-02-13,2026-02,0.8895
T544,2026-02-13,2026-02,0.8611
T559,2026-02-13,2026-02,0.7917
T560,2026-02-13,2026-02,0.9059
T561,2026-02-13,2026-02,0.9764
T565,2026-02-13,2026-02,0.9143
T566,2026-02-13,2026-02,0.9512
T567,2026-02-13,2026-02,0.9525
T568,2026-02-13,2026-02,0.8684
T569,2026-02-13,2026-02,0.7896
T585,2026-02-13,2026-02,0.9322
T586,2026-02-13,2026-02,0.9334
T587,2026-02-13,2026-02,0.9666
T588,2026-02-13,2026-02,0.9196
T589,2026-02-13,2026-02,0.883
T772,2026-02-13,2026-02,0.7302
T801,2026-02-13,2026-02,0.9588
T802,2026-02-13,2026-02,0.8656
T803,2026-02-13,2026-02,0.8747
T804,2026-02-13,2026-02,0.8811
T805,2026-02-13,2026-02,0.8958
T807,2026-02-13,2026-02,0.8472
T808,2026-02-13,2026-02,0.9182
T809,2026-02-13,2026-02,0.9498
T810,2026-02-13,2026-02,0.7497
T811,2026-02-13,2026-02,0.9014
T812,2026-02-13,2026-02,0.9434
T813,2026-02-13,2026-02,0.9407
T814,2026-02-13,2026-02,0.9716
T815,2026-02-13,2026-02,0.8476
T816,2026-02-13,2026-02,0.7945
T817,2026-02-13,2026-02,0.0225
T818,2026-02-13,2026-02,0.8583
T821,2026-02-13,2026-02,0.8143
T852,2026-02-13,2026-02,0.782
T100,2026-02-16,2026-02,0.9831
T101,2026-02-16,2026-02,0.9086
T102,2026-02-16,2026-02,0.9482
T103,2026-02-16,2026-02,0.9188
T104,2026-02-16,2026-02,0.9227
T105,2026-02-16,2026-02,0.9609
T106,2026-02-16,2026-02,0.989
T107,2026-02-16,2026-02,1
T108,2026-02-16,2026-02,0.8424
T109,2026-02-16,2026-02,0.9039
T110,2026-02-16,2026-02,0.8552
T114,2026-02-16,2026-02,0.8065
T115,2026-02-16,2026-02,0.8753
T117,2026-02-16,2026-02,1
T121,2026-02-16,2026-02,0.9495
T152,2026-02-16,2026-02,0.5936
T154,2026-02-16,2026-02,0.8608
T180,2026-02-16,2026-02,0.9318
T305,2026-02-16,2026-02,0.7996
T352,2026-02-16,2026-02,0.8045
T400,2026-02-16,2026-02,0.9123
T401,2026-02-16,2026-02,0.9161
T402,2026-02-16,2026-02,0.9729
T408,2026-02-16,2026-02,0.8849
T409,2026-02-16,2026-02,0.9702
T410,2026-02-16,2026-02,0.553
T411,2026-02-16,2026-02,0.9591
T412,2026-02-16,2026-02,0.9888
T413,2026-02-16,2026-02,0.9694
T414,2026-02-16,2026-02,0.8982
T415,2026-02-16,2026-02,0.6418
T416,2026-02-16,2026-02,0.8056
T417,2026-02-16,2026-02,0.9789
T418,2026-02-16,2026-02,0.7929
T419,2026-02-16,2026-02,0.658
T451,2026-02-16,2026-02,0.7481
T453,2026-02-16,2026-02,0.8202
T455,2026-02-16,2026-02,0.9917
T457,2026-02-16,2026-02,0.9479
T458,2026-02-16,2026-02,0.8314
T459,2026-02-16,2026-02,0.8198
T460,2026-02-16,2026-02,0.8929
T461,2026-02-16,2026-02,0.8843
T462,2026-02-16,2026-02,0.9657
T463,2026-02-16,2026-02,0.9447
T464,2026-02-16,2026-02,0.7734
T465,2026-02-16,2026-02,0.8027
T507,2026-02-16,2026-02,0.9024
T509,2026-02-16,2026-02,0.8881
T511,2026-02-16,2026-02,0.7723
T543,2026-02-16,2026-02,0.8634
T544,2026-02-16,2026-02,0.9142
T559,2026-02-16,2026-02,0.7332
T560,2026-02-16,2026-02,0.8926
T561,2026-02-16,2026-02,0.943
T565,2026-02-16,2026-02,0.9056
T566,2026-02-16,2026-02,0.8746
T567,2026-02-16,2026-02,0.8548
T568,2026-02-16,2026-02,0.7854
T569,2026-02-16,2026-02,0.806
T585,2026-02-16,2026-02,0.9744
T586,2026-02-16,2026-02,0.9098
T587,2026-02-16,2026-02,0.9849
T588,2026-02-16,2026-02,0.8848
T589,2026-02-16,2026-02,0.8787
T772,2026-02-16,2026-02,0.8039
T801,2026-02-16,2026-02,0.9336
T802,2026-02-16,2026-02,0.9237
T803,2026-02-16,2026-02,0.901
T805,2026-02-16,2026-02,0.8974
T807,2026-02-16,2026-02,0.8695
T808,2026-02-16,2026-02,0.8978
T809,2026-02-16,2026-02,0.9628
T810,2026-02-16,2026-02,0.8234
T811,2026-02-16,2026-02,0.8519
T812,2026-02-16,2026-02,0.1265
T813,2026-02-16,2026-02,0.9654
T814,2026-02-16,2026-02,1
T815,2026-02-16,2026-02,0.9249
T816,2026-02-16,2026-02,0.8642
T817,2026-02-16,2026-02,0.7553
T818,2026-02-16,2026-02,0.8503
T821,2026-02-16,2026-02,0.8175
T852,2026-02-16,2026-02,0.8141
T100,2026-02-19,2026-02,0.8375
T101,2026-02-19,2026-02,0.9038
T102,2026-02-19,2026-02,0.7882
T103,2026-02-19,2026-02,0.8505
T104,2026-02-19,2026-02,0.9431
T105,2026-02-19,2026-02,0.9423
T106,2026-02-19,2026-02,0.873
T107,2026-02-19,2026-02,0.9942
T108,2026-02-19,2026-02,0.7943
T109,2026-02-19,2026-02,0.8325
T110,2026-02-19,2026-02,0.8071
T114,2026-02-19,2026-02,0.8008
T115,2026-02-19,2026-02,0.5805
T117,2026-02-19,2026-02,1
T121,2026-02-19,2026-02,0.9722
T152,2026-02-19,2026-02,0.7996
T154,2026-02-19,2026-02,0.8346
T180,2026-02-19,2026-02,0.8769
T305,2026-02-19,2026-02,0.8412
T352,2026-02-19,2026-02,0.7202
T400,2026-02-19,2026-02,0.944
T401,2026-02-19,2026-02,0
T402,2026-02-19,2026-02,0.8112
T408,2026-02-19,2026-02,0.8661
T409,2026-02-19,2026-02,0.9432
T410,2026-02-19,2026-02,0.5073
T411,2026-02-19,2026-02,0.9349
T412,2026-02-19,2026-02,0.9938
T413,2026-02-19,2026-02,0.9595
T414,2026-02-19,2026-02,0.433
T415,2026-02-19,2026-02,0.5149
T416,2026-02-19,2026-02,0.8551
T417,2026-02-19,2026-02,0.8735
T418,2026-02-19,2026-02,0.8086
T419,2026-02-19,2026-02,0.5676
T451,2026-02-19,2026-02,0.7718
T453,2026-02-19,2026-02,0.6711
T455,2026-02-19,2026-02,1
T457,2026-02-19,2026-02,0.8073
T458,2026-02-19,2026-02,0.8993
T459,2026-02-19,2026-02,0.8163
T460,2026-02-19,2026-02,0.8556
T461,2026-02-19,2026-02,0.8982
T462,2026-02-19,2026-02,0.8347
T463,2026-02-19,2026-02,0.3099
T464,2026-02-19,2026-02,0.7818
T465,2026-02-19,2026-02,0.1757
T505,2026-02-19,2026-02,0.8754
T506,2026-02-19,2026-02,0.9651
T509,2026-02-19,2026-02,0.9063
T511,2026-02-19,2026-02,0.7747
T543,2026-02-19,2026-02,0.8578
T544,2026-02-19,2026-02,0.0369
T545,2026-02-19,2026-02,0.4821
T559,2026-02-19,2026-02,0.6078
T560,2026-02-19,2026-02,0.9083
T561,2026-02-19,2026-02,0.893
T565,2026-02-19,2026-02,0.6905
T566,2026-02-19,2026-02,0.9059
T567,2026-02-19,2026-02,0.8812
T568,2026-02-19,2026-02,0.5213
T569,2026-02-19,2026-02,0.6511
T585,2026-02-19,2026-02,0.9521
T586,2026-02-19,2026-02,0.4069
T587,2026-02-19,2026-02,0.9771
T588,2026-02-19,2026-02,0.8441
T589,2026-02-19,2026-02,0.8695
T772,2026-02-19,2026-02,0.7087
T801,2026-02-19,2026-02,0.4955
T802,2026-02-19,2026-02,0.9216
T803,2026-02-19,2026-02,0.8636
T805,2026-02-19,2026-02,0.8962
T807,2026-02-19,2026-02,0.9253
T808,2026-02-19,2026-02,0.8793
T809,2026-02-19,2026-02,0.9311
T810,2026-02-19,2026-02,0.7723
T811,2026-02-19,2026-02,0.3748
T812,2026-02-19,2026-02,0.7743
T813,2026-02-19,2026-02,0.9505
T814,2026-02-19,2026-02,0.9846
T815,2026-02-19,2026-02,0.867
T816,2026-02-19,2026-02,0.8372
T817,2026-02-19,2026-02,0.8195
T818,2026-02-19,2026-02,0.856
T821,2026-02-19,2026-02,0.6414
T852,2026-02-19,2026-02,0.8328
T100,2026-02-20,2026-02,0.9752
T101,2026-02-20,2026-02,0.8761
T102,2026-02-20,2026-02,0.8748
T103,2026-02-20,2026-02,0.8829
T104,2026-02-20,2026-02,1
T105,2026-02-20,2026-02,0.9533
T106,2026-02-20,2026-02,0.9436
T107,2026-02-20,2026-02,0.9834
T108,2026-02-20,2026-02,0.813
T109,2026-02-20,2026-02,0.776
T110,2026-02-20,2026-02,0.8456
T114,2026-02-20,2026-02,0.8454
T115,2026-02-20,2026-02,0.8457
T117,2026-02-20,2026-02,0.9923
T121,2026-02-20,2026-02,0.9811
T152,2026-02-20,2026-02,0.7966
T154,2026-02-20,2026-02,0.9005
T180,2026-02-20,2026-02,0.7632
T305,2026-02-20,2026-02,0.6698
T352,2026-02-20,2026-02,0.7654
T400,2026-02-20,2026-02,0.9497
T401,2026-02-20,2026-02,0.9
T402,2026-02-20,2026-02,0.8986
T408,2026-02-20,2026-02,0.8764
T409,2026-02-20,2026-02,0.9618
T410,2026-02-20,2026-02,0.5484
T411,2026-02-20,2026-02,0.8779
T412,2026-02-20,2026-02,0.9794
T413,2026-02-20,2026-02,0.9869
T414,2026-02-20,2026-02,0.8591
T415,2026-02-20,2026-02,0.5308
T416,2026-02-20,2026-02,0.8714
T417,2026-02-20,2026-02,0.9702
T418,2026-02-20,2026-02,0.8859
T419,2026-02-20,2026-02,0.6636
T451,2026-02-20,2026-02,0.7504
T453,2026-02-20,2026-02,0.559
T455,2026-02-20,2026-02,0.9804
T457,2026-02-20,2026-02,0.914
T458,2026-02-20,2026-02,0.8759
T459,2026-02-20,2026-02,0.8617
T460,2026-02-20,2026-02,0.8833
T461,2026-02-20,2026-02,0.8764
T462,2026-02-20,2026-02,0.9765
T463,2026-02-20,2026-02,0.9376
T464,2026-02-20,2026-02,0.7735
T465,2026-02-20,2026-02,0.6844
T504,2026-02-20,2026-02,0.9128
T506,2026-02-20,2026-02,0.9201
T507,2026-02-20,2026-02,0.9018
T511,2026-02-20,2026-02,0.8323
T543,2026-02-20,2026-02,0.8324
T544,2026-02-20,2026-02,0.8859
T559,2026-02-20,2026-02,0.644
T560,2026-02-20,2026-02,0.7974
T561,2026-02-20,2026-02,0.9321
T565,2026-02-20,2026-02,0.9343
T566,2026-02-20,2026-02,0.8912
T567,2026-02-20,2026-02,0.9333
T568,2026-02-20,2026-02,0.6884
T569,2026-02-20,2026-02,0.7701
T585,2026-02-20,2026-02,0.9185
T586,2026-02-20,2026-02,0.9401
T587,2026-02-20,2026-02,0.9757
T588,2026-02-20,2026-02,0.8603
T589,2026-02-20,2026-02,0.8493
T772,2026-02-20,2026-02,0.1781
T801,2026-02-20,2026-02,0.9918
T802,2026-02-20,2026-02,0.8684
T803,2026-02-20,2026-02,0.9064
T804,2026-02-20,2026-02,0.5042
T805,2026-02-20,2026-02,0.8902
T807,2026-02-20,2026-02,0.8203
T808,2026-02-20,2026-02,0.8661
T809,2026-02-20,2026-02,0.8608
T810,2026-02-20,2026-02,0.7353
T811,2026-02-20,2026-02,0.8947
T812,2026-02-20,2026-02,0.7239
T813,2026-02-20,2026-02,0.9744
T814,2026-02-20,2026-02,0.9475
T815,2026-02-20,2026-02,0.7887
T816,2026-02-20,2026-02,0.8703
T817,2026-02-20,2026-02,0.813
T818,2026-02-20,2026-02,0.8476
T821,2026-02-20,2026-02,0.7367
T852,2026-02-20,2026-02,0.8
T100,2026-02-23,2026-02,0.8804
T101,2026-02-23,2026-02,0.7873
T102,2026-02-23,2026-02,0.8351
T103,2026-02-23,2026-02,0.8991
T104,2026-02-23,2026-02,0.7224
T105,2026-02-23,2026-02,0.88
T106,2026-02-23,2026-02,0.9826
T107,2026-02-23,2026-02,0.8777
T108,2026-02-23,2026-02,0.7759
T109,2026-02-23,2026-02,0.7307
T110,2026-02-23,2026-02,0.8402
T114,2026-02-23,2026-02,0.375
T115,2026-02-23,2026-02,0.8601
T121,2026-02-23,2026-02,1
T152,2026-02-23,2026-02,0.7962
T154,2026-02-23,2026-02,0.8204
T180,2026-02-23,2026-02,0.8647
T305,2026-02-23,2026-02,0.781
T352,2026-02-23,2026-02,0.6572
T400,2026-02-23,2026-02,0
T401,2026-02-23,2026-02,0.916
T402,2026-02-23,2026-02,0.9478
T408,2026-02-23,2026-02,0.8772
T409,2026-02-23,2026-02,0.9714
T410,2026-02-23,2026-02,0.6211
T411,2026-02-23,2026-02,0.921
T412,2026-02-23,2026-02,0.9622
T413,2026-02-23,2026-02,0.9657
T414,2026-02-23,2026-02,0.7321
T415,2026-02-23,2026-02,0.6668
T416,2026-02-23,2026-02,0
T417,2026-02-23,2026-02,0.9923
T418,2026-02-23,2026-02,0.805
T419,2026-02-23,2026-02,0.6744
T451,2026-02-23,2026-02,0.7193
T453,2026-02-23,2026-02,0.8045
T455,2026-02-23,2026-02,0.9664
T457,2026-02-23,2026-02,0.827
T458,2026-02-23,2026-02,0.8574
T459,2026-02-23,2026-02,0.8031
T460,2026-02-23,2026-02,0.8746
T461,2026-02-23,2026-02,0.869
T462,2026-02-23,2026-02,0.6994
T463,2026-02-23,2026-02,0
T464,2026-02-23,2026-02,0.8014
T465,2026-02-23,2026-02,0.5047
T504,2026-02-23,2026-02,0.8958
T509,2026-02-23,2026-02,0.8016
T511,2026-02-23,2026-02,0.7897
T543,2026-02-23,2026-02,0.8416
T544,2026-02-23,2026-02,0.8078
T559,2026-02-23,2026-02,0.7421
T560,2026-02-23,2026-02,0.8854
T561,2026-02-23,2026-02,0.9467
T565,2026-02-23,2026-02,0.8756
T566,2026-02-23,2026-02,0.9207
T567,2026-02-23,2026-02,0.9216
T568,2026-02-23,2026-02,0.8341
T569,2026-02-23,2026-02,0.782
T585,2026-02-23,2026-02,0.8434
T586,2026-02-23,2026-02,0.9377
T587,2026-02-23,2026-02,0.9765
T588,2026-02-23,2026-02,0.7933
T589,2026-02-23,2026-02,0.9027
T772,2026-02-23,2026-02,0.0293
T801,2026-02-23,2026-02,0.5456
T802,2026-02-23,2026-02,0.8024
T803,2026-02-23,2026-02,0.7351
T804,2026-02-23,2026-02,0.8508
T805,2026-02-23,2026-02,0.8837
T807,2026-02-23,2026-02,0.8499
T808,2026-02-23,2026-02,0.9208
T809,2026-02-23,2026-02,0.9451
T810,2026-02-23,2026-02,0.7296
T811,2026-02-23,2026-02,0.8958
T812,2026-02-23,2026-02,0.3282
T813,2026-02-23,2026-02,0.9125
T814,2026-02-23,2026-02,0.9237
T815,2026-02-23,2026-02,0.692
T816,2026-02-23,2026-02,0.4527
T817,2026-02-23,2026-02,0.801
T818,2026-02-23,2026-02,0.801
T821,2026-02-23,2026-02,0.6871
T852,2026-02-23,2026-02,0.8337
T100,2026-02-24,2026-02,0.7489
T101,2026-02-24,2026-02,0.8328
T102,2026-02-24,2026-02,0
T103,2026-02-24,2026-02,0.5184
T104,2026-02-24,2026-02,0
T105,2026-02-24,2026-02,0.9408
T106,2026-02-24,2026-02,0.9696
T107,2026-02-24,2026-02,0.6828
T108,2026-02-24,2026-02,0.1257
T109,2026-02-24,2026-02,0.8603
T110,2026-02-24,2026-02,0.88
T114,2026-02-24,2026-02,0.8224
T115,2026-02-24,2026-02,0.9181
T117,2026-02-24,2026-02,1
T121,2026-02-24,2026-02,0.8969
T152,2026-02-24,2026-02,0.8841
T154,2026-02-24,2026-02,0.8268
T180,2026-02-24,2026-02,0.9455
T305,2026-02-24,2026-02,0.8364
T352,2026-02-24,2026-02,0.7178
T400,2026-02-24,2026-02,0.9486
T401,2026-02-24,2026-02,0.9314
T402,2026-02-24,2026-02,0.9405
T408,2026-02-24,2026-02,0.8741
T409,2026-02-24,2026-02,0.9768
T410,2026-02-24,2026-02,0.5148
T411,2026-02-24,2026-02,0.9764
T412,2026-02-24,2026-02,0.9453
T413,2026-02-24,2026-02,0.8017
T414,2026-02-24,2026-02,0.8431
T415,2026-02-24,2026-02,0.7135
T416,2026-02-24,2026-02,0.788
T417,2026-02-24,2026-02,0.9946
T418,2026-02-24,2026-02,0.8092
T419,2026-02-24,2026-02,0.6085
T451,2026-02-24,2026-02,0.7818
T453,2026-02-24,2026-02,0.8778
T455,2026-02-24,2026-02,0.94
T457,2026-02-24,2026-02,0.9537
T458,2026-02-24,2026-02,0.8744
T459,2026-02-24,2026-02,0.9156
T460,2026-02-24,2026-02,0.8882
T461,2026-02-24,2026-02,0.9078
T462,2026-02-24,2026-02,0
T463,2026-02-24,2026-02,0.9786
T464,2026-02-24,2026-02,0.7054
T465,2026-02-24,2026-02,0.7104
T504,2026-02-24,2026-02,0.9288
T505,2026-02-24,2026-02,0.8919
T509,2026-02-24,2026-02,0.7039
T511,2026-02-24,2026-02,0.8292
T543,2026-02-24,2026-02,0.8362
T544,2026-02-24,2026-02,0.9215
T559,2026-02-24,2026-02,0.7868
T560,2026-02-24,2026-02,0.8927
T561,2026-02-24,2026-02,0.8743
T565,2026-02-24,2026-02,0.9063
T566,2026-02-24,2026-02,0.8754
T567,2026-02-24,2026-02,0.9299
T568,2026-02-24,2026-02,0.8645
T569,2026-02-24,2026-02,0.7188
T585,2026-02-24,2026-02,0.9033
T586,2026-02-24,2026-02,0.918
T587,2026-02-24,2026-02,0.9369
T588,2026-02-24,2026-02,0.8562
T589,2026-02-24,2026-02,0.8389
T772,2026-02-24,2026-02,0.7695
T801,2026-02-24,2026-02,0.871
T802,2026-02-24,2026-02,0.8103
T803,2026-02-24,2026-02,0.9133
T804,2026-02-24,2026-02,0.4056
T805,2026-02-24,2026-02,0.8597
T807,2026-02-24,2026-02,0.8894
T808,2026-02-24,2026-02,0.9233
T809,2026-02-24,2026-02,0.9279
T810,2026-02-24,2026-02,0.7813
T811,2026-02-24,2026-02,0.9105
T812,2026-02-24,2026-02,0.7509
T813,2026-02-24,2026-02,0.9589
T814,2026-02-24,2026-02,0.9428
T815,2026-02-24,2026-02,0.8924
T816,2026-02-24,2026-02,0.739
T817,2026-02-24,2026-02,0.7026
T818,2026-02-24,2026-02,0.8468
T821,2026-02-24,2026-02,0.6281
T852,2026-02-24,2026-02,0.8408
T100,2026-02-25,2026-02,0.7824
T101,2026-02-25,2026-02,0.8618
T102,2026-02-25,2026-02,0.9565
T103,2026-02-25,2026-02,0.8929
T104,2026-02-25,2026-02,0.9206
T105,2026-02-25,2026-02,0.9379
T106,2026-02-25,2026-02,0.9607
T107,2026-02-25,2026-02,1
T108,2026-02-25,2026-02,0.8513
T109,2026-02-25,2026-02,0.4299
T110,2026-02-25,2026-02,0.9112
T114,2026-02-25,2026-02,0.7988
T115,2026-02-25,2026-02,0.9263
T117,2026-02-25,2026-02,1
T121,2026-02-25,2026-02,0.9461
T152,2026-02-25,2026-02,0.8181
T154,2026-02-25,2026-02,0.9154
T180,2026-02-25,2026-02,0.9845
T305,2026-02-25,2026-02,0.7756
T352,2026-02-25,2026-02,0.75
T400,2026-02-25,2026-02,0.828
T401,2026-02-25,2026-02,0.8923
T402,2026-02-25,2026-02,0
T408,2026-02-25,2026-02,0.8501
T409,2026-02-25,2026-02,0.9484
T410,2026-02-25,2026-02,0.5741
T411,2026-02-25,2026-02,0.9684
T412,2026-02-25,2026-02,0.9649
T413,2026-02-25,2026-02,0.9159
T414,2026-02-25,2026-02,0.7803
T415,2026-02-25,2026-02,0.7063
T416,2026-02-25,2026-02,0.5086
T417,2026-02-25,2026-02,0.932
T418,2026-02-25,2026-02,0.8497
T419,2026-02-25,2026-02,0.7534
T451,2026-02-25,2026-02,0.7491
T453,2026-02-25,2026-02,0.88
T455,2026-02-25,2026-02,0.8733
T457,2026-02-25,2026-02,0.9127
T458,2026-02-25,2026-02,0.8901
T459,2026-02-25,2026-02,0.8319
T460,2026-02-25,2026-02,0.8928
T461,2026-02-25,2026-02,0.8823
T462,2026-02-25,2026-02,0.9101
T463,2026-02-25,2026-02,0.9156
T464,2026-02-25,2026-02,0
T465,2026-02-25,2026-02,0.749
T504,2026-02-25,2026-02,0.8562
T509,2026-02-25,2026-02,0.8448
T511,2026-02-25,2026-02,0.7989
T543,2026-02-25,2026-02,0.8762
T544,2026-02-25,2026-02,0.8881
T559,2026-02-25,2026-02,0.7415
T560,2026-02-25,2026-02,0.8588
T561,2026-02-25,2026-02,0.9562
T565,2026-02-25,2026-02,0.6684
T566,2026-02-25,2026-02,0.9795
T567,2026-02-25,2026-02,0.8967
T568,2026-02-25,2026-02,0.8561
T569,2026-02-25,2026-02,0.8292
T585,2026-02-25,2026-02,0.9319
T586,2026-02-25,2026-02,0.5614
T587,2026-02-25,2026-02,0.9689
T588,2026-02-25,2026-02,0.7073
T589,2026-02-25,2026-02,0.9179
T772,2026-02-25,2026-02,0.7571
T801,2026-02-25,2026-02,0.8409
T802,2026-02-25,2026-02,0.9061
T803,2026-02-25,2026-02,0.8347
T804,2026-02-25,2026-02,0.7826
T805,2026-02-25,2026-02,0.8755
T807,2026-02-25,2026-02,0.8681
T808,2026-02-25,2026-02,0.9104
T809,2026-02-25,2026-02,0.9418
T810,2026-02-25,2026-02,0.7299
T811,2026-02-25,2026-02,0.9329
T812,2026-02-25,2026-02,0.332
T813,2026-02-25,2026-02,0.927
T814,2026-02-25,2026-02,0.9372
T815,2026-02-25,2026-02,0.9362
T816,2026-02-25,2026-02,0.8852
T817,2026-02-25,2026-02,0.885
T818,2026-02-25,2026-02,0.7413
T821,2026-02-25,2026-02,0.8384
T852,2026-02-25,2026-02,0.8857
T100,2026-02-26,2026-02,0.3451
T101,2026-02-26,2026-02,0.8013
T102,2026-02-26,2026-02,0.574
T103,2026-02-26,2026-02,0.8615
T104,2026-02-26,2026-02,0
T105,2026-02-26,2026-02,0.2306
T106,2026-02-26,2026-02,0.863
T107,2026-02-26,2026-02,1
T108,2026-02-26,2026-02,0.8432
T109,2026-02-26,2026-02,0.8251
T110,2026-02-26,2026-02,0.8858
T114,2026-02-26,2026-02,0.3934
T115,2026-02-26,2026-02,0.8928
T117,2026-02-26,2026-02,1
T121,2026-02-26,2026-02,0.9812
T152,2026-02-26,2026-02,0.8027
T154,2026-02-26,2026-02,0.395
T180,2026-02-26,2026-02,0.9643
T305,2026-02-26,2026-02,0.8258
T352,2026-02-26,2026-02,0.7204
T400,2026-02-26,2026-02,0.9568
T401,2026-02-26,2026-02,0
T402,2026-02-26,2026-02,0.8173
T407,2026-02-26,2026-02,0.4773
T408,2026-02-26,2026-02,0.8937
T409,2026-02-26,2026-02,0.9782
T410,2026-02-26,2026-02,0.5889
T411,2026-02-26,2026-02,0.9767
T412,2026-02-26,2026-02,0.9729
T413,2026-02-26,2026-02,0.9626
T414,2026-02-26,2026-02,0.9039
T415,2026-02-26,2026-02,0.7241
T416,2026-02-26,2026-02,0.8047
T417,2026-02-26,2026-02,0.9317
T418,2026-02-26,2026-02,0.8147
T419,2026-02-26,2026-02,0.7327
T451,2026-02-26,2026-02,0.6751
T453,2026-02-26,2026-02,0.668
T455,2026-02-26,2026-02,0
T457,2026-02-26,2026-02,0.9028
T458,2026-02-26,2026-02,0.8844
T459,2026-02-26,2026-02,0.9088
T460,2026-02-26,2026-02,0.7853
T461,2026-02-26,2026-02,0.8562
T462,2026-02-26,2026-02,0.9624
T463,2026-02-26,2026-02,0.7848
T464,2026-02-26,2026-02,0.7766
T465,2026-02-26,2026-02,0.7018
T504,2026-02-26,2026-02,0.9235
T506,2026-02-26,2026-02,0.8757
T509,2026-02-26,2026-02,0.7996
T511,2026-02-26,2026-02,0.5289
T543,2026-02-26,2026-02,0.8797
T544,2026-02-26,2026-02,0.6561
T559,2026-02-26,2026-02,0.7756
T560,2026-02-26,2026-02,0.881
T561,2026-02-26,2026-02,0.948
T565,2026-02-26,2026-02,0
T566,2026-02-26,2026-02,0.9155
T567,2026-02-26,2026-02,0.9651
T568,2026-02-26,2026-02,0.8095
T569,2026-02-26,2026-02,0
T585,2026-02-26,2026-02,0.6822
T586,2026-02-26,2026-02,0.8973
T587,2026-02-26,2026-02,0.9286
T588,2026-02-26,2026-02,0.8673
T589,2026-02-26,2026-02,0.8765
T772,2026-02-26,2026-02,0.7344
T801,2026-02-26,2026-02,0.4695
T802,2026-02-26,2026-02,0.9115
T803,2026-02-26,2026-02,0.8832
T804,2026-02-26,2026-02,0.7864
T805,2026-02-26,2026-02,0.857
T807,2026-02-26,2026-02,0.89
T808,2026-02-26,2026-02,0.9345
T809,2026-02-26,2026-02,0.8904
T810,2026-02-26,2026-02,0.6974
T811,2026-02-26,2026-02,0.7913
T812,2026-02-26,2026-02,0.8788
T813,2026-02-26,2026-02,0.9283
T814,2026-02-26,2026-02,0.9565
T815,2026-02-26,2026-02,0.6755
T816,2026-02-26,2026-02,0.7179
T817,2026-02-26,2026-02,0.8201
T818,2026-02-26,2026-02,0.9118
T821,2026-02-26,2026-02,0.7305
T852,2026-02-26,2026-02,0.5984
T100,2026-02-27,2026-02,0.9652
T101,2026-02-27,2026-02,0.8723
T102,2026-02-27,2026-02,0.8826
T103,2026-02-27,2026-02,0.7935
T104,2026-02-27,2026-02,0.9376
T105,2026-02-27,2026-02,0.9426
T106,2026-02-27,2026-02,0.9726
T107,2026-02-27,2026-02,1
T108,2026-02-27,2026-02,0.7944
T109,2026-02-27,2026-02,0.7994
T110,2026-02-27,2026-02,0.8943
T114,2026-02-27,2026-02,0.8261
T115,2026-02-27,2026-02,0.8692
T117,2026-02-27,2026-02,1
T121,2026-02-27,2026-02,0.9082
T152,2026-02-27,2026-02,0.888
T154,2026-02-27,2026-02,0.6902
T180,2026-02-27,2026-02,0.9178
T305,2026-02-27,2026-02,0.6986
T352,2026-02-27,2026-02,0.7535
T400,2026-02-27,2026-02,0.9387
T401,2026-02-27,2026-02,0.9499
T402,2026-02-27,2026-02,0.9887
T408,2026-02-27,2026-02,0.7958
T409,2026-02-27,2026-02,0.9595
T410,2026-02-27,2026-02,0.5388
T411,2026-02-27,2026-02,0.9262
T412,2026-02-27,2026-02,0.9852
T413,2026-02-27,2026-02,0.973
T414,2026-02-27,2026-02,0.1598
T415,2026-02-27,2026-02,0.6229
T416,2026-02-27,2026-02,0.8377
T417,2026-02-27,2026-02,0.986
T418,2026-02-27,2026-02,0.7419
T419,2026-02-27,2026-02,0.7401
T451,2026-02-27,2026-02,0.7403
T453,2026-02-27,2026-02,0.8602
T455,2026-02-27,2026-02,0.4173
T457,2026-02-27,2026-02,0.8879
T458,2026-02-27,2026-02,0.8702
T459,2026-02-27,2026-02,0.8466
T460,2026-02-27,2026-02,0.8694
T461,2026-02-27,2026-02,0.7527
T462,2026-02-27,2026-02,0.97
T463,2026-02-27,2026-02,0.9372
T464,2026-02-27,2026-02,0.6726
T465,2026-02-27,2026-02,0.7987
T504,2026-02-27,2026-02,0.9344
T506,2026-02-27,2026-02,1
T509,2026-02-27,2026-02,0.8122
T511,2026-02-27,2026-02,0.844
T543,2026-02-27,2026-02,0.8262
T544,2026-02-27,2026-02,0
T559,2026-02-27,2026-02,0.62
T560,2026-02-27,2026-02,0.919
T561,2026-02-27,2026-02,0.9622
T565,2026-02-27,2026-02,0.8501
T566,2026-02-27,2026-02,0.9129
T567,2026-02-27,2026-02,0.9126
T568,2026-02-27,2026-02,0.7562
T569,2026-02-27,2026-02,0.8719
T585,2026-02-27,2026-02,0.8689
T586,2026-02-27,2026-02,0.9284
T587,2026-02-27,2026-02,0.4472
T588,2026-02-27,2026-02,0.8604
T589,2026-02-27,2026-02,0.9069
T772,2026-02-27,2026-02,0.7895
T801,2026-02-27,2026-02,0
T802,2026-02-27,2026-02,0.9256
T803,2026-02-27,2026-02,0.8765
T804,2026-02-27,2026-02,0.7472
T805,2026-02-27,2026-02,0.894
T807,2026-02-27,2026-02,0.8212
T808,2026-02-27,2026-02,0.9251
T809,2026-02-27,2026-02,0.9256
T810,2026-02-27,2026-02,0.698
T811,2026-02-27,2026-02,0.8721
T812,2026-02-27,2026-02,0.8381
T813,2026-02-27,2026-02,0.8767
T814,2026-02-27,2026-02,0.9757
T815,2026-02-27,2026-02,0.8668
T816,2026-02-27,2026-02,0.923
T817,2026-02-27,2026-02,0.2465
T818,2026-02-27,2026-02,0.2897
T821,2026-02-27,2026-02,0
T852,2026-02-27,2026-02,0.8516
